-- --------------------------------------------------------
-- Servidor:                     127.0.0.1
-- Versão do servidor:           10.4.14-MariaDB - mariadb.org binary distribution
-- OS do Servidor:               Win64
-- HeidiSQL Versão:              11.0.0.5919
-- --------------------------------------------------------

/*!40101 SET @OLD_CHARACTER_SET_CLIENT=@@CHARACTER_SET_CLIENT */;
/*!40101 SET NAMES utf8 */;
/*!50503 SET NAMES utf8mb4 */;
/*!40014 SET @OLD_FOREIGN_KEY_CHECKS=@@FOREIGN_KEY_CHECKS, FOREIGN_KEY_CHECKS=0 */;
/*!40101 SET @OLD_SQL_MODE=@@SQL_MODE, SQL_MODE='NO_AUTO_VALUE_ON_ZERO' */;


-- Copiando estrutura do banco de dados para eleicaocargos
CREATE DATABASE IF NOT EXISTS `eleicaocargos` /*!40100 DEFAULT CHARACTER SET utf8 */;
USE `eleicaocargos`;

-- Copiando estrutura para tabela eleicaocargos.adm
CREATE TABLE IF NOT EXISTS `adm` (
  `id` int(11) NOT NULL AUTO_INCREMENT,
  `usuario` varchar(50) NOT NULL,
  `senha` varchar(50) NOT NULL,
  PRIMARY KEY (`id`)
) ENGINE=InnoDB AUTO_INCREMENT=2 DEFAULT CHARSET=utf8;

-- Copiando dados para a tabela eleicaocargos.adm: ~1 rows (aproximadamente)
DELETE FROM `adm`;
/*!40000 ALTER TABLE `adm` DISABLE KEYS */;
INSERT INTO `adm` (`id`, `usuario`, `senha`) VALUES
	(1, 'junior', '123');
/*!40000 ALTER TABLE `adm` ENABLE KEYS */;

-- Copiando estrutura para tabela eleicaocargos.cabines
CREATE TABLE IF NOT EXISTS `cabines` (
  `id` int(11) NOT NULL AUTO_INCREMENT,
  `cabine` int(11) NOT NULL,
  `status` int(11) NOT NULL,
  `votante` int(11) NOT NULL,
  `ip` int(3) NOT NULL,
  PRIMARY KEY (`id`)
) ENGINE=InnoDB AUTO_INCREMENT=11 DEFAULT CHARSET=utf8;

-- Copiando dados para a tabela eleicaocargos.cabines: ~10 rows (aproximadamente)
DELETE FROM `cabines`;
/*!40000 ALTER TABLE `cabines` DISABLE KEYS */;
INSERT INTO `cabines` (`id`, `cabine`, `status`, `votante`, `ip`) VALUES
	(1, 1, 0, 0, 51),
	(2, 2, 0, 0, 52),
	(3, 3, 0, 0, 53),
	(4, 4, 0, 0, 54),
	(5, 5, 0, 0, 55),
	(6, 6, 0, 0, 56),
	(7, 7, 0, 0, 57),
	(8, 8, 0, 0, 58),
	(9, 9, 0, 0, 49),
	(10, 10, 0, 0, 90);
/*!40000 ALTER TABLE `cabines` ENABLE KEYS */;

-- Copiando estrutura para tabela eleicaocargos.candidatos
CREATE TABLE IF NOT EXISTS `candidatos` (
  `id` int(11) NOT NULL AUTO_INCREMENT,
  `cod_campo` varchar(3) NOT NULL,
  `nome` varchar(100) NOT NULL,
  `cargo` int(11) NOT NULL,
  PRIMARY KEY (`id`)
) ENGINE=InnoDB AUTO_INCREMENT=48 DEFAULT CHARSET=latin1;

-- Copiando dados para a tabela eleicaocargos.candidatos: ~44 rows (aproximadamente)
DELETE FROM `candidatos`;
/*!40000 ALTER TABLE `candidatos` DISABLE KEYS */;
INSERT INTO `candidatos` (`id`, `cod_campo`, `nome`, `cargo`) VALUES
	(1, 'R1', 'Daniel Vieira de Queiroz | SAERJ', 1),
	(2, 'R2', 'Patricia Wajnberg Gamermann | SARGS', 1),
	(3, 'R3', 'José Carlos Rodrigues Nascimento | SAEC', 1),
	(4, 'R4', 'Leopoldo Palheta Gonzalez | ASSAEAM', 1),
	(5, 'R5', 'Paulo Sérgio Mateus Marcelino Serzedo | SAESP', 1),
	(6, 'R6', 'Breno José Santiago Bezerra de Lima | SAESC', 2),
	(7, 'R7', 'Liana Maria Torres de Araújo Azi | SAEB', 2),
	(8, 'R8', 'Marcello Fonseca Salgado Filho | SAMG', 2),
	(9, 'R9', 'Carlos Gustavo dos Santos Silva | SAEPI', 2),
	(10, 'R10', 'Rodrigo Pereira Diaz André | SAERJ', 2),
	(11, 'R11', 'Fábio Luis Ferrari Regatieri | SAESP', 2),
	(12, 'R12', 'Lucas Nepomuceno Barros | SAEC', 2),
	(13, 'R13', 'Maria Lúcia Bomfim Arbex | SAEB', 3),
	(14, 'R14', 'Rita de Cassia Rodrigues | SAESP', 4),
	(15, 'R15', 'Antonio Vanderlei Ortenzi | SAESP', 6),
	(16, 'R16', 'André Lorenzon de Oliveira | SAMG', 6),
	(17, 'R17', 'Thomaz Zeferino Veras Coelho Junior | SAEC', 6),
	(18, 'R18', 'Sebastião Monte Neto | SAERN', 6),
	(19, 'R19', 'Luiz Antonio de Moraes | SAESP', 7),
	(20, 'R20', 'Sara Lúcia Ferreira Cavalcante | SAEC', 8),
	(21, 'R21', 'Antônio Carlos Aguiar Brandão | SAMG', 8),
	(23, 'R23', 'Michelle Nacur Lorentz | SAMG', 9),
	(25, 'R25', 'Marcelo Vaz Perez | SAESP', 10),
	(26, 'R26', 'João Batista Santos Garcia | SAEM', 25),
	(27, 'R27', 'Maria José Carvalho Carmona | SAESP', 26),
	(28, 'R28', 'Oscar César Pires | SAESP', 27),
	(29, 'R31', 'Luis Henrique Cangiani | SAESP', 14),
	(30, 'R32', 'Eric Benedet Lineburger | SAESC', 15),
	(31, 'R33', 'Jorge Hamilton Soares Garcia | SAESC', 28),
	(32, 'R29', 'Cibelle Magalhães Pedrosa Rocha | SAEC', 28),
	(33, 'R30', 'Gustavo Tadeu Olivetti | SAESP', 28),
	(34, 'R34', 'Daniel Volquind | SARGS', 29),
	(35, 'R35', 'Felipe Souza Thyrso de Lara | SAESP', 29),
	(36, 'R36', 'Fátima Carneiro Fernandes | SAERJ', 17),
	(38, 'R38', 'Pedro Paulo Vanzillotta | SAERJ', 18),
	(39, 'R39', 'Márcio Matsumoto | SAESP', 16),
	(40, 'R40', 'Luciano Costa Ferreira | SAMG', 20),
	(41, 'R41', 'Murilo Pereira Flores | SAEB', 30),
	(42, 'R42', 'Filipe Maia Araújo | SAEGO', 23),
	(43, 'R43', 'Lais Helena Navarro e Lima | SAESP', 23),
	(44, 'R44', 'Sérgio Teixeira Sant’Anna Junior | SAERJ', 19),
	(45, 'R45', 'Edgar Yugue | SAESP', 22),
	(46, 'R46', '- - - - - - - - - - -', 24),
	(47, 'R22', 'Edgar Yugue | SAESP', 31);
/*!40000 ALTER TABLE `candidatos` ENABLE KEYS */;

-- Copiando estrutura para tabela eleicaocargos.cargos
CREATE TABLE IF NOT EXISTS `cargos` (
  `id` int(11) NOT NULL AUTO_INCREMENT,
  `descricao` varchar(150) CHARACTER SET utf8 COLLATE utf8_general_mysql500_ci NOT NULL,
  `vagas` int(11) NOT NULL,
  `sequencia` int(11) NOT NULL,
  PRIMARY KEY (`id`)
) ENGINE=InnoDB AUTO_INCREMENT=32 DEFAULT CHARSET=latin1;

-- Copiando dados para a tabela eleicaocargos.cargos: ~25 rows (aproximadamente)
DELETE FROM `cargos`;
/*!40000 ALTER TABLE `cargos` DISABLE KEYS */;
INSERT INTO `cargos` (`id`, `descricao`, `vagas`, `sequencia`) VALUES
	(1, 'Comissão de Ensino e Treinamento', 5, 1),
	(2, 'Comissão Examinadora do TSA', 5, 2),
	(3, 'Comissão de Estatuto, Regulamentos e Regimentos', 1, 3),
	(4, 'Comissão de Normas Técnicas', 1, 4),
	(6, 'Comissão de Sindicância de Processos Administrativos', 4, 5),
	(7, 'Comissão de Saúde Ocupacional', 1, 6),
	(8, 'Comissão de Educação Continuada', 2, 7),
	(9, 'Comissão de Qualidade e Segurança em Anestesiologia', 1, 8),
	(10, 'Comissão de Treinamento e Terapêutica da Dor', 1, 9),
	(14, 'Comitê de Anestesia Ambulatorial', 1, 13),
	(15, 'Comitê de Anestesia Cardiovascular e Torácica', 1, 14),
	(16, 'Comitê de Anestesia Loco-Regional', 1, 20),
	(17, 'Comitê de Anestesia em Obstetrícia', 1, 17),
	(18, 'Comitê de Anestesia em Pediatria', 1, 18),
	(19, 'Comitê de Rean. e Atend. ao Politraumatizado', 1, 24),
	(20, 'Comitê de Anestesia Venosa', 1, 21),
	(23, 'Comitê de Medicina Perioperatória', 1, 23),
	(24, 'Comitê de Anestesia em Transplantes de Órgãos', 1, 19),
	(25, 'Comissão de Treinamento em Medicina Paliativa ', 1, 10),
	(26, 'Revista Brasileira de Anestesiologia - Editor Chefe', 1, 11),
	(27, 'Revista Brasileira de Anestesiologia - Co-Editor', 1, 12),
	(28, 'Comitê de Anestesia em Geriatria', 3, 15),
	(29, 'Comitê de Anestesia em Neurocirurgia e Neurociências', 1, 16),
	(30, 'Comitê de Hipertermia Maligna', 2, 22),
	(31, 'Comitê de Via Aérea Difícil', 1, 25);
/*!40000 ALTER TABLE `cargos` ENABLE KEYS */;

-- Copiando estrutura para tabela eleicaocargos.resultado
CREATE TABLE IF NOT EXISTS `resultado` (
  `ID` int(11) NOT NULL AUTO_INCREMENT,
  `ORGAO` int(11) NOT NULL,
  `NOME` varchar(100) NOT NULL,
  `VOTOS` int(11) NOT NULL,
  PRIMARY KEY (`ID`)
) ENGINE=InnoDB AUTO_INCREMENT=214 DEFAULT CHARSET=latin1;

-- Copiando dados para a tabela eleicaocargos.resultado: ~71 rows (aproximadamente)
DELETE FROM `resultado`;
/*!40000 ALTER TABLE `resultado` DISABLE KEYS */;
INSERT INTO `resultado` (`ID`, `ORGAO`, `NOME`, `VOTOS`) VALUES
	(143, 1, 'Daniel Vieira de Queiroz | SAERJ', 199),
	(144, 1, 'Patricia Wajnberg Gamermann | SARGS', 166),
	(145, 1, 'José Carlos Rodrigues Nascimento | SAEC', 164),
	(146, 1, 'Leopoldo Palheta Gonzalez | ASSAEAM', 161),
	(147, 1, 'Paulo Sérgio Mateus Marcelino Serzedo | SAESP', 183),
	(148, 1, 'Brancos', 89),
	(149, 2, 'Breno José Santiago Bezerra de Lima | SAESC', 135),
	(150, 2, 'Liana Maria Torres de Araújo Azi | SAEB', 158),
	(151, 2, 'Marcello Fonseca Salgado Filho | SAMG', 147),
	(152, 2, 'Carlos Gustavo dos Santos Silva | SAEPI', 111),
	(153, 2, 'Rodrigo Pereira Diaz André | SAERJ', 104),
	(154, 2, 'Fábio Luis Ferrari Regatieri | SAESP', 126),
	(155, 2, 'Lucas Nepomuceno Barros | SAEC', 110),
	(156, 2, 'Brancos', 5),
	(157, 2, 'Nulos', 7),
	(158, 3, 'Maria Lúcia Bomfim Arbex | SAEB', 227),
	(159, 3, 'Brancos', 45),
	(160, 4, 'Rita de Cassia Rodrigues | SAESP', 228),
	(161, 4, 'Brancos', 44),
	(162, 6, 'Antonio Vanderlei Ortenzi | SAESP', 208),
	(163, 6, 'André Lorenzon de Oliveira | SAMG', 208),
	(164, 6, 'Thomaz Zeferino Veras Coelho Junior | SAEC', 171),
	(165, 6, 'Sebastião Monte Neto | SAERN', 158),
	(166, 6, 'Brancos', 114),
	(167, 7, 'Luiz Antonio de Moraes | SAESP', 212),
	(168, 7, 'Brancos', 60),
	(169, 8, 'Sara Lúcia Ferreira Cavalcante | SAEC', 205),
	(170, 8, 'Antônio Carlos Aguiar Brandão | SAMG', 210),
	(171, 8, 'Brancos', 62),
	(172, 9, 'Michelle Nacur Lorentz | SAMG', 232),
	(173, 9, 'Brancos', 40),
	(174, 10, 'Marcelo Vaz Perez | SAESP', 227),
	(175, 10, 'Brancos', 45),
	(176, 25, 'João Batista Santos Garcia | SAEM', 221),
	(177, 25, 'Brancos', 51),
	(178, 26, 'Maria José Carvalho Carmona | SAESP', 224),
	(179, 26, 'Brancos', 48),
	(180, 27, 'Oscar César Pires | SAESP', 224),
	(181, 27, 'Brancos', 48),
	(182, 14, 'Luis Henrique Cangiani | SAESP', 226),
	(183, 14, 'Brancos', 46),
	(184, 15, 'Eric Benedet Lineburger | SAESC', 222),
	(185, 15, 'Brancos', 50),
	(186, 28, 'Jorge Hamilton Soares Garcia | SAESC', 174),
	(187, 28, 'Cibelle Magalhães Pedrosa Rocha | SAEC', 182),
	(188, 28, 'Gustavo Tadeu Olivetti | SAESP', 196),
	(189, 28, 'Brancos', 76),
	(190, 29, 'Daniel Volquind | SARGS', 120),
	(191, 29, 'Felipe Souza Thyrso de Lara | SAESP', 108),
	(192, 29, 'Brancos', 31),
	(193, 29, 'Nulos', 13),
	(194, 17, 'Fátima Carneiro Fernandes | SAERJ', 220),
	(195, 17, 'Brancos', 52),
	(196, 18, 'Pedro Paulo Vanzillotta | SAERJ', 216),
	(197, 18, 'Brancos', 56),
	(198, 24, '- - - - - - - - - - -', 32),
	(199, 24, 'Brancos', 240),
	(200, 16, 'Márcio Matsumoto | SAESP', 213),
	(201, 16, 'Brancos', 59),
	(202, 20, 'Luciano Costa Ferreira | SAMG', 213),
	(203, 20, 'Brancos', 59),
	(204, 30, 'Murilo Pereira Flores | SAEB', 198),
	(205, 30, 'Brancos', 74),
	(206, 23, 'Filipe Maia Araújo | SAEGO', 107),
	(207, 23, 'Lais Helena Navarro e Lima | SAESP', 118),
	(208, 23, 'Brancos', 33),
	(209, 23, 'Nulos', 14),
	(210, 19, 'Sérgio Teixeira Sant’Anna Junior | SAERJ', 218),
	(211, 19, 'Brancos', 54),
	(212, 31, 'Edgar Yugue | SAESP', 214),
	(213, 31, 'Brancos', 58);
/*!40000 ALTER TABLE `resultado` ENABLE KEYS */;

-- Copiando estrutura para tabela eleicaocargos.votantes
CREATE TABLE IF NOT EXISTS `votantes` (
  `id` int(11) NOT NULL AUTO_INCREMENT,
  `usuario` varchar(150) NOT NULL DEFAULT '0',
  `senha` varchar(255) NOT NULL DEFAULT '0',
  `status_votante` char(50) NOT NULL DEFAULT '0',
  PRIMARY KEY (`id`)
) ENGINE=InnoDB AUTO_INCREMENT=3 DEFAULT CHARSET=utf8mb4;

-- Copiando dados para a tabela eleicaocargos.votantes: ~2 rows (aproximadamente)
DELETE FROM `votantes`;
/*!40000 ALTER TABLE `votantes` DISABLE KEYS */;
INSERT INTO `votantes` (`id`, `usuario`, `senha`, `status_votante`) VALUES
	(1, 'teste@gmail.com', '$2y$10$0UB1oq4JnE2uCCMi8RRWyuO4.55E3hc3.k.xqq5XZQQmLSOo46V3e', '0'),
	(2, 'teste2@sbahq.org', '$2y$10$kLyhLOdYOcb2IzZriP1z7eFawTD4xJw0ACV7I5YUc6lAP.ztqsZQu', '0');
/*!40000 ALTER TABLE `votantes` ENABLE KEYS */;

-- Copiando estrutura para tabela eleicaocargos.votos
CREATE TABLE IF NOT EXISTS `votos` (
  `R1` int(1) DEFAULT NULL,
  `R2` int(1) DEFAULT NULL,
  `R3` int(1) DEFAULT NULL,
  `R4` int(1) DEFAULT NULL,
  `R5` int(1) DEFAULT NULL,
  `R6` int(1) DEFAULT NULL,
  `R7` int(1) DEFAULT NULL,
  `R8` int(1) DEFAULT NULL,
  `R9` int(1) DEFAULT NULL,
  `R10` int(1) DEFAULT NULL,
  `R11` int(1) DEFAULT NULL,
  `R12` int(1) DEFAULT NULL,
  `R13` int(1) DEFAULT NULL,
  `R14` int(1) DEFAULT NULL,
  `R15` int(1) DEFAULT NULL,
  `R16` int(1) DEFAULT NULL,
  `R17` int(1) DEFAULT NULL,
  `R18` int(1) DEFAULT NULL,
  `R19` int(1) DEFAULT NULL,
  `R20` int(1) DEFAULT NULL,
  `R21` int(1) DEFAULT NULL,
  `R22` int(1) DEFAULT NULL,
  `R23` int(1) DEFAULT NULL,
  `R24` int(1) DEFAULT NULL,
  `R25` int(1) DEFAULT NULL,
  `R26` int(1) DEFAULT NULL,
  `R27` int(1) DEFAULT NULL,
  `R28` int(1) DEFAULT NULL,
  `R31` int(1) DEFAULT NULL,
  `R32` int(1) DEFAULT NULL,
  `R33` int(1) DEFAULT NULL,
  `R29` int(1) DEFAULT NULL,
  `R30` int(1) DEFAULT NULL,
  `R34` int(1) DEFAULT NULL,
  `R35` int(1) DEFAULT NULL,
  `R36` int(1) DEFAULT NULL,
  `R37` int(1) DEFAULT NULL,
  `R38` int(1) DEFAULT NULL,
  `R39` int(1) DEFAULT NULL,
  `R40` int(1) DEFAULT NULL,
  `R41` int(11) NOT NULL,
  `R42` int(11) NOT NULL,
  `R43` int(11) NOT NULL,
  `R44` int(11) NOT NULL,
  `R45` int(11) NOT NULL,
  `R46` int(11) NOT NULL,
  `R47` int(11) NOT NULL,
  `R48` int(11) NOT NULL,
  `R49` int(11) NOT NULL,
  `R50` int(11) NOT NULL,
  `R51` int(11) NOT NULL,
  `R52` int(11) NOT NULL,
  `R53` int(11) NOT NULL,
  `R54` int(11) NOT NULL,
  `R55` int(11) NOT NULL,
  `R56` int(11) NOT NULL,
  `R57` int(11) NOT NULL,
  `R58` int(11) NOT NULL,
  `R59` int(11) NOT NULL,
  `R60` int(11) NOT NULL,
  `cabine` int(11) NOT NULL,
  `hora` datetime NOT NULL
) ENGINE=MyISAM DEFAULT CHARSET=utf8;

-- Copiando dados para a tabela eleicaocargos.votos: 275 rows
DELETE FROM `votos`;
/*!40000 ALTER TABLE `votos` DISABLE KEYS */;
INSERT INTO `votos` (`R1`, `R2`, `R3`, `R4`, `R5`, `R6`, `R7`, `R8`, `R9`, `R10`, `R11`, `R12`, `R13`, `R14`, `R15`, `R16`, `R17`, `R18`, `R19`, `R20`, `R21`, `R22`, `R23`, `R24`, `R25`, `R26`, `R27`, `R28`, `R31`, `R32`, `R33`, `R29`, `R30`, `R34`, `R35`, `R36`, `R37`, `R38`, `R39`, `R40`, `R41`, `R42`, `R43`, `R44`, `R45`, `R46`, `R47`, `R48`, `R49`, `R50`, `R51`, `R52`, `R53`, `R54`, `R55`, `R56`, `R57`, `R58`, `R59`, `R60`, `cabine`, `hora`) VALUES
	(3, 3, 3, 3, 1, 0, 0, 0, 0, 0, 1, 0, 0, 1, 3, 3, 3, 3, 0, 3, 3, 1, 0, NULL, 1, 0, 1, 0, 1, 0, 3, 3, 1, 0, 1, 0, NULL, 0, 1, 0, 3, 0, 1, 0, 0, 0, 0, 0, 0, 0, 0, 0, 0, 0, 0, 0, 0, 0, 0, 0, 0, '0000-00-00 00:00:00'),
	(1, 1, 1, 1, 3, 1, 1, 0, 0, 0, 0, 1, 1, 1, 1, 1, 1, 1, 1, 1, 1, 1, 1, NULL, 1, 1, 1, 1, 1, 1, 1, 1, 1, 1, 0, 1, NULL, 1, 0, 1, 1, 0, 1, 1, 0, 0, 0, 0, 0, 0, 0, 0, 0, 0, 0, 0, 0, 0, 0, 0, 0, '0000-00-00 00:00:00'),
	(1, 1, 1, 1, 1, 0, 1, 1, 1, 1, 0, 1, 1, 1, 1, 1, 1, 1, 1, 1, 1, 1, 1, NULL, 1, 1, 1, 1, 1, 1, 1, 1, 1, 1, 0, 1, NULL, 1, 1, 1, 1, 1, 0, 1, 0, 0, 0, 0, 0, 0, 0, 0, 0, 0, 0, 0, 0, 0, 0, 0, 0, '0000-00-00 00:00:00'),
	(1, 3, 1, 1, 3, 1, 0, 1, 0, 1, 0, 0, 1, 1, 1, 1, 1, 1, 1, 1, 1, 1, 1, NULL, 1, 1, 1, 1, 1, 0, 1, 1, 3, 1, 0, 1, NULL, 1, 1, 1, 1, 1, 0, 1, 0, 0, 0, 0, 0, 0, 0, 0, 0, 0, 0, 0, 0, 0, 0, 0, 0, '0000-00-00 00:00:00'),
	(1, 3, 1, 3, 1, 0, 0, 1, 0, 1, 1, 1, 1, 1, 1, 1, 1, 1, 1, 1, 1, 1, 1, NULL, 1, 1, 1, 1, 1, 1, 3, 1, 1, 0, 1, 1, NULL, 1, 1, 1, 3, 0, 1, 1, 0, 0, 0, 0, 0, 0, 0, 0, 0, 0, 0, 0, 0, 0, 0, 0, 0, '0000-00-00 00:00:00'),
	(1, 1, 1, 1, 1, 2, 2, 2, 2, 2, 2, 2, 1, 1, 1, 1, 1, 1, 1, 1, 1, 1, 1, NULL, 1, 1, 1, 1, 1, 1, 1, 1, 1, 2, 2, 1, NULL, 1, 1, 1, 1, 2, 2, 1, 0, 0, 0, 0, 0, 0, 0, 0, 0, 0, 0, 0, 0, 0, 0, 0, 0, '0000-00-00 00:00:00'),
	(1, 1, 1, 1, 1, 1, 1, 1, 1, 1, 0, 0, 1, 1, 1, 1, 1, 1, 1, 1, 1, 1, 1, NULL, 1, 1, 1, 1, 1, 1, 1, 1, 3, 0, 1, 1, NULL, 1, 1, 1, 1, 0, 1, 1, 0, 0, 0, 0, 0, 0, 0, 0, 0, 0, 0, 0, 0, 0, 0, 0, 0, '0000-00-00 00:00:00'),
	(1, 1, 1, 1, 3, 0, 1, 0, 1, 0, 0, 0, 1, 0, 3, 1, 1, 1, 0, 1, 1, 1, 1, NULL, 1, 0, 0, 1, 1, 1, 1, 1, 3, 1, 0, 1, NULL, 1, 1, 1, 1, 0, 1, 1, 0, 0, 0, 0, 0, 0, 0, 0, 0, 0, 0, 0, 0, 0, 0, 0, 0, '0000-00-00 00:00:00'),
	(1, 3, 3, 3, 3, 0, 1, 1, 0, 1, 1, 1, 1, 1, 1, 1, 1, 3, 1, 1, 1, 1, 1, NULL, 1, 1, 1, 1, 1, 1, 1, 1, 1, 0, 1, 1, NULL, 1, 1, 1, 1, 0, 1, 1, 0, 0, 0, 0, 0, 0, 0, 0, 0, 0, 0, 0, 0, 0, 0, 0, 0, '0000-00-00 00:00:00'),
	(3, 3, 3, 1, 3, 1, 1, 0, 0, 0, 0, 0, 0, 0, 3, 3, 3, 1, 0, 1, 3, 0, 0, NULL, 0, 0, 0, 0, 0, 0, 1, 3, 3, 1, 0, 0, NULL, 0, 0, 0, 3, 1, 0, 0, 0, 0, 0, 0, 0, 0, 0, 0, 0, 0, 0, 0, 0, 0, 0, 0, 0, '0000-00-00 00:00:00'),
	(3, 1, 3, 3, 3, 1, 1, 1, 0, 1, 0, 1, 1, 0, 3, 1, 1, 1, 0, 1, 3, 0, 1, NULL, 0, 1, 0, 1, 1, 1, 1, 1, 3, 1, 0, 0, NULL, 0, 0, 0, 3, 1, 0, 0, 0, 1, 0, 0, 0, 0, 0, 0, 0, 0, 0, 0, 0, 0, 0, 0, 0, '0000-00-00 00:00:00'),
	(1, 1, 1, 1, 3, 1, 1, 0, 1, 1, 0, 1, 1, 0, 3, 1, 1, 1, 0, 1, 1, 0, 1, NULL, 0, 1, 0, 0, 0, 1, 1, 1, 3, 1, 0, 1, NULL, 1, 0, 1, 1, 1, 0, 1, 0, 0, 0, 0, 0, 0, 0, 0, 0, 0, 0, 0, 0, 0, 0, 0, 0, '0000-00-00 00:00:00'),
	(1, 1, 1, 1, 1, 2, 2, 2, 2, 2, 2, 2, 1, 1, 1, 1, 1, 1, 1, 1, 1, 1, 1, NULL, 1, 1, 1, 1, 1, 1, 1, 1, 1, 0, 1, 1, NULL, 1, 1, 1, 1, 1, 0, 1, 0, 0, 0, 0, 0, 0, 0, 0, 0, 0, 0, 0, 0, 0, 0, 0, 0, '0000-00-00 00:00:00'),
	(3, 1, 3, 1, 3, 1, 1, 1, 1, 0, 0, 1, 1, 1, 1, 1, 1, 1, 1, 3, 1, 1, 1, NULL, 1, 1, 1, 1, 1, 1, 3, 1, 3, 1, 0, 1, NULL, 1, 1, 1, 1, 1, 0, 1, 0, 0, 0, 0, 0, 0, 0, 0, 0, 0, 0, 0, 0, 0, 0, 0, 0, '0000-00-00 00:00:00'),
	(3, 3, 3, 1, 3, 1, 0, 0, 0, 0, 0, 0, 1, 1, 3, 1, 3, 3, 1, 1, 3, 1, 1, NULL, 1, 1, 1, 1, 1, 1, 3, 3, 1, 1, 0, 1, NULL, 1, 1, 1, 1, 1, 0, 1, 0, 0, 0, 0, 0, 0, 0, 0, 0, 0, 0, 0, 0, 0, 0, 0, 0, '0000-00-00 00:00:00'),
	(1, 1, 1, 1, 1, 1, 1, 1, 0, 1, 0, 1, 1, 1, 1, 1, 1, 1, 1, 1, 1, 1, 1, NULL, 1, 1, 1, 1, 1, 1, 1, 1, 1, 1, 0, 1, NULL, 1, 1, 1, 1, 0, 1, 1, 0, 0, 0, 0, 0, 0, 0, 0, 0, 0, 0, 0, 0, 0, 0, 0, 0, '0000-00-00 00:00:00'),
	(1, 1, 1, 1, 1, 1, 1, 1, 0, 0, 1, 1, 1, 1, 1, 1, 1, 1, 1, 1, 1, 1, 1, NULL, 1, 1, 1, 1, 1, 1, 1, 1, 1, 0, 1, 1, NULL, 1, 1, 1, 1, 0, 1, 1, 0, 0, 0, 0, 0, 0, 0, 0, 0, 0, 0, 0, 0, 0, 0, 0, 0, '0000-00-00 00:00:00'),
	(1, 3, 3, 3, 3, 0, 0, 1, 0, 1, 0, 0, 1, 0, 1, 1, 1, 1, 0, 1, 1, 0, 1, NULL, 1, 0, 0, 1, 1, 1, 1, 1, 1, 1, 0, 1, NULL, 1, 0, 1, 1, 3, 3, 1, 0, 0, 0, 0, 0, 0, 0, 0, 0, 0, 0, 0, 0, 0, 0, 0, 0, '0000-00-00 00:00:00'),
	(3, 3, 3, 1, 3, 1, 1, 1, 1, 0, 0, 1, 1, 1, 1, 1, 1, 1, 1, 1, 3, 1, 1, NULL, 1, 1, 1, 1, 1, 1, 3, 1, 3, 1, 0, 1, NULL, 1, 1, 1, 3, 1, 0, 1, 0, 0, 0, 0, 0, 0, 0, 0, 0, 0, 0, 0, 0, 0, 0, 0, 0, '0000-00-00 00:00:00'),
	(1, 1, 1, 1, 3, 1, 1, 0, 0, 0, 0, 0, 1, 1, 3, 1, 1, 1, 0, 1, 1, 0, 1, NULL, 1, 1, 1, 1, 1, 1, 1, 1, 3, 1, 0, 1, NULL, 1, 1, 1, 1, 1, 0, 1, 0, 0, 0, 0, 0, 0, 0, 0, 0, 0, 0, 0, 0, 0, 0, 0, 0, '0000-00-00 00:00:00'),
	(1, 1, 1, 1, 3, 1, 1, 1, 0, 1, 0, 1, 1, 1, 3, 1, 1, 1, 0, 1, 1, 0, 1, NULL, 1, 1, 1, 1, 1, 1, 1, 1, 3, 1, 0, 1, NULL, 1, 0, 1, 1, 1, 0, 1, 0, 0, 0, 0, 0, 0, 0, 0, 0, 0, 0, 0, 0, 0, 0, 0, 0, '0000-00-00 00:00:00'),
	(3, 3, 1, 3, 3, 0, 0, 0, 0, 0, 0, 1, 1, 1, 3, 3, 1, 3, 0, 1, 3, 0, 1, NULL, 0, 1, 0, 0, 0, 1, 3, 1, 3, 1, 0, 1, NULL, 1, 0, 1, 1, 1, 0, 1, 0, 0, 0, 0, 0, 0, 0, 0, 0, 0, 0, 0, 0, 0, 0, 0, 0, '0000-00-00 00:00:00'),
	(3, 1, 3, 1, 1, 0, 0, 1, 1, 0, 1, 0, 1, 1, 1, 1, 3, 3, 1, 1, 3, 1, 1, NULL, 1, 0, 1, 1, 1, 1, 1, 3, 1, 0, 1, 1, NULL, 0, 1, 1, 3, 1, 0, 0, 0, 0, 0, 0, 0, 0, 0, 0, 0, 0, 0, 0, 0, 0, 0, 0, 0, '0000-00-00 00:00:00'),
	(1, 1, 1, 1, 1, 2, 2, 2, 2, 2, 2, 2, 1, 1, 1, 1, 1, 1, 1, 1, 1, 1, 1, NULL, 1, 1, 1, 1, 1, 1, 1, 1, 1, 1, 0, 1, NULL, 1, 1, 1, 1, 1, 0, 1, 0, 0, 0, 0, 0, 0, 0, 0, 0, 0, 0, 0, 0, 0, 0, 0, 0, '0000-00-00 00:00:00'),
	(3, 3, 3, 3, 3, 0, 1, 0, 1, 0, 0, 1, 0, 0, 3, 3, 3, 3, 0, 3, 3, 0, 0, NULL, 0, 0, 0, 0, 0, 0, 3, 3, 3, 1, 0, 0, NULL, 0, 0, 0, 3, 0, 1, 0, 0, 0, 0, 0, 0, 0, 0, 0, 0, 0, 0, 0, 0, 0, 0, 0, 0, '0000-00-00 00:00:00'),
	(3, 3, 3, 1, 3, 1, 1, 1, 1, 0, 0, 1, 1, 1, 1, 3, 3, 3, 0, 1, 1, 1, 1, NULL, 0, 1, 0, 0, 0, 1, 1, 1, 1, 1, 0, 1, NULL, 1, 0, 1, 1, 1, 0, 1, 0, 0, 0, 0, 0, 0, 0, 0, 0, 0, 0, 0, 0, 0, 0, 0, 0, '0000-00-00 00:00:00'),
	(1, 1, 1, 1, 1, 1, 1, 1, 1, 0, 0, 1, 1, 1, 1, 1, 1, 1, 1, 1, 1, 1, 1, NULL, 1, 1, 1, 1, 1, 1, 1, 1, 1, 1, 0, 1, NULL, 1, 1, 1, 1, 1, 0, 1, 0, 0, 0, 0, 0, 0, 0, 0, 0, 0, 0, 0, 0, 0, 0, 0, 0, '0000-00-00 00:00:00'),
	(1, 1, 1, 1, 3, 1, 1, 0, 1, 0, 0, 1, 1, 1, 1, 1, 1, 1, 1, 1, 1, 1, 1, NULL, 1, 1, 1, 1, 1, 1, 1, 1, 1, 1, 0, 1, NULL, 1, 1, 1, 1, 1, 0, 1, 0, 0, 0, 0, 0, 0, 0, 0, 0, 0, 0, 0, 0, 0, 0, 0, 0, '0000-00-00 00:00:00'),
	(1, 1, 1, 1, 1, 1, 1, 0, 1, 0, 0, 1, 1, 1, 1, 1, 1, 1, 1, 1, 1, 1, 1, NULL, 1, 1, 1, 1, 1, 1, 1, 1, 1, 1, 0, 1, NULL, 1, 1, 1, 1, 2, 2, 1, 0, 0, 0, 0, 0, 0, 0, 0, 0, 0, 0, 0, 0, 0, 0, 0, 0, '0000-00-00 00:00:00'),
	(3, 3, 3, 1, 3, 1, 0, 0, 0, 0, 0, 0, 1, 1, 1, 1, 3, 3, 1, 1, 1, 1, 1, NULL, 1, 1, 1, 1, 1, 1, 1, 1, 3, 1, 0, 1, NULL, 1, 1, 1, 1, 2, 2, 1, 0, 0, 0, 0, 0, 0, 0, 0, 0, 0, 0, 0, 0, 0, 0, 0, 0, '0000-00-00 00:00:00'),
	(3, 3, 3, 1, 3, 1, 1, 1, 0, 0, 1, 1, 1, 1, 1, 1, 3, 3, 1, 1, 1, 1, 1, NULL, 1, 1, 1, 1, 1, 1, 1, 1, 1, 0, 1, 1, NULL, 1, 1, 1, 1, 1, 0, 1, 0, 0, 0, 0, 0, 0, 0, 0, 0, 0, 0, 0, 0, 0, 0, 0, 0, '0000-00-00 00:00:00'),
	(3, 3, 3, 3, 3, 3, 3, 3, 3, 3, 3, 3, 0, 0, 3, 3, 3, 3, 0, 3, 3, 0, 0, NULL, 0, 0, 0, 0, 0, 0, 3, 3, 3, 3, 3, 0, NULL, 0, 0, 0, 3, 3, 3, 0, 0, 0, 0, 0, 0, 0, 0, 0, 0, 0, 0, 0, 0, 0, 0, 0, 0, '0000-00-00 00:00:00'),
	(1, 1, 1, 1, 1, 1, 1, 1, 1, 0, 0, 1, 1, 1, 1, 1, 1, 1, 1, 1, 1, 1, 1, NULL, 0, 1, 1, 1, 1, 1, 1, 1, 1, 1, 0, 1, NULL, 1, 1, 1, 1, 1, 0, 1, 0, 0, 0, 0, 0, 0, 0, 0, 0, 0, 0, 0, 0, 0, 0, 0, 0, '0000-00-00 00:00:00'),
	(1, 1, 1, 1, 1, 1, 1, 0, 0, 0, 0, 0, 1, 1, 1, 1, 1, 1, 1, 1, 1, 1, 1, NULL, 1, 1, 1, 1, 1, 1, 1, 1, 1, 1, 0, 1, NULL, 1, 1, 1, 1, 1, 0, 1, 0, 0, 0, 0, 0, 0, 0, 0, 0, 0, 0, 0, 0, 0, 0, 0, 0, '0000-00-00 00:00:00'),
	(3, 3, 3, 3, 3, 3, 3, 3, 3, 3, 3, 3, 0, 0, 3, 3, 3, 3, 0, 3, 3, 0, 0, NULL, 0, 0, 0, 0, 0, 0, 3, 3, 3, 3, 3, 0, NULL, 0, 0, 0, 3, 3, 3, 0, 0, 0, 0, 0, 0, 0, 0, 0, 0, 0, 0, 0, 0, 0, 0, 0, 0, '0000-00-00 00:00:00'),
	(3, 3, 3, 1, 3, 1, 0, 1, 1, 1, 0, 0, 1, 1, 3, 3, 1, 3, 1, 1, 1, 1, 1, NULL, 1, 1, 1, 1, 1, 1, 3, 1, 3, 1, 0, 1, NULL, 1, 1, 1, 1, 1, 0, 1, 0, 0, 0, 0, 0, 0, 0, 0, 0, 0, 0, 0, 0, 0, 0, 0, 0, '0000-00-00 00:00:00'),
	(3, 3, 3, 1, 3, 1, 0, 0, 1, 0, 0, 0, 1, 1, 3, 1, 3, 3, 1, 3, 3, 0, 1, NULL, 1, 1, 1, 1, 1, 1, 3, 3, 3, 3, 3, 1, NULL, 0, 1, 1, 1, 2, 2, 0, 0, 0, 0, 0, 0, 0, 0, 0, 0, 0, 0, 0, 0, 0, 0, 0, 0, '0000-00-00 00:00:00'),
	(1, 3, 3, 3, 3, 1, 1, 0, 0, 0, 0, 0, 1, 1, 3, 3, 3, 1, 1, 1, 1, 1, 1, NULL, 1, 1, 1, 1, 1, 1, 3, 1, 1, 1, 0, 1, NULL, 1, 1, 1, 1, 2, 2, 1, 0, 0, 0, 0, 0, 0, 0, 0, 0, 0, 0, 0, 0, 0, 0, 0, 0, '0000-00-00 00:00:00'),
	(1, 1, 1, 1, 1, 0, 1, 0, 0, 0, 0, 1, 1, 1, 1, 1, 1, 3, 1, 1, 1, 0, 1, NULL, 1, 1, 1, 1, 1, 1, 1, 1, 1, 3, 3, 0, NULL, 0, 0, 0, 3, 3, 3, 0, 0, 0, 0, 0, 0, 0, 0, 0, 0, 0, 0, 0, 0, 0, 0, 0, 0, '0000-00-00 00:00:00'),
	(3, 3, 3, 3, 3, 0, 1, 0, 0, 0, 0, 0, 1, 0, 3, 3, 3, 3, 0, 1, 3, 0, 0, NULL, 0, 0, 0, 0, 0, 0, 3, 3, 3, 3, 3, 0, NULL, 0, 0, 0, 1, 3, 3, 0, 0, 0, 0, 0, 0, 0, 0, 0, 0, 0, 0, 0, 0, 0, 0, 0, 0, '0000-00-00 00:00:00'),
	(1, 1, 1, 1, 1, 0, 1, 0, 0, 0, 0, 1, 1, 1, 1, 1, 1, 1, 1, 1, 1, 1, 1, NULL, 1, 1, 1, 1, 1, 1, 1, 1, 1, 1, 0, 1, NULL, 1, 1, 1, 1, 1, 0, 1, 0, 0, 0, 0, 0, 0, 0, 0, 0, 0, 0, 0, 0, 0, 0, 0, 0, '0000-00-00 00:00:00'),
	(1, 1, 1, 1, 3, 0, 1, 1, 0, 0, 0, 1, 1, 1, 1, 1, 1, 3, 1, 1, 1, 1, 1, NULL, 1, 1, 1, 1, 1, 1, 1, 1, 1, 2, 2, 1, NULL, 1, 1, 1, 1, 0, 1, 1, 0, 0, 0, 0, 0, 0, 0, 0, 0, 0, 0, 0, 0, 0, 0, 0, 0, '0000-00-00 00:00:00'),
	(1, 1, 1, 1, 1, 1, 1, 1, 1, 0, 0, 1, 1, 1, 1, 1, 1, 1, 1, 1, 1, 1, 1, NULL, 1, 1, 1, 1, 1, 1, 1, 1, 1, 1, 0, 1, NULL, 1, 1, 1, 1, 0, 1, 1, 0, 0, 0, 0, 0, 0, 0, 0, 0, 0, 0, 0, 0, 0, 0, 0, 0, '0000-00-00 00:00:00'),
	(1, 1, 1, 1, 1, 0, 1, 0, 0, 0, 0, 0, 1, 1, 1, 1, 3, 3, 1, 1, 1, 0, 1, NULL, 1, 1, 1, 1, 1, 1, 1, 1, 1, 3, 3, 0, NULL, 0, 0, 0, 3, 3, 3, 0, 0, 0, 0, 0, 0, 0, 0, 0, 0, 0, 0, 0, 0, 0, 0, 0, 0, '0000-00-00 00:00:00'),
	(1, 1, 1, 1, 1, 0, 1, 0, 0, 0, 0, 1, 1, 1, 1, 1, 1, 1, 0, 3, 3, 0, 0, NULL, 0, 0, 0, 0, 0, 0, 3, 3, 3, 3, 3, 0, NULL, 0, 0, 0, 3, 1, 0, 0, 0, 0, 0, 0, 0, 0, 0, 0, 0, 0, 0, 0, 0, 0, 0, 0, 0, '0000-00-00 00:00:00'),
	(1, 1, 1, 1, 1, 0, 1, 0, 0, 0, 0, 1, 1, 1, 1, 1, 1, 1, 1, 1, 1, 1, 1, NULL, 1, 1, 1, 1, 1, 1, 1, 1, 1, 1, 0, 1, NULL, 1, 1, 1, 1, 0, 1, 1, 0, 1, 0, 0, 0, 0, 0, 0, 0, 0, 0, 0, 0, 0, 0, 0, 0, '0000-00-00 00:00:00'),
	(1, 1, 1, 1, 1, 0, 1, 0, 0, 0, 0, 0, 1, 1, 1, 1, 1, 1, 1, 1, 3, 1, 1, NULL, 1, 1, 1, 1, 1, 1, 3, 1, 3, 1, 0, 1, NULL, 1, 1, 1, 1, 0, 1, 1, 0, 0, 0, 0, 0, 0, 0, 0, 0, 0, 0, 0, 0, 0, 0, 0, 0, '0000-00-00 00:00:00'),
	(1, 1, 1, 1, 3, 0, 1, 0, 0, 0, 0, 0, 1, 0, 3, 1, 1, 3, 0, 1, 1, 0, 1, NULL, 0, 1, 0, 0, 0, 1, 1, 1, 3, 1, 0, 1, NULL, 1, 0, 1, 1, 1, 0, 1, 0, 0, 0, 0, 0, 0, 0, 0, 0, 0, 0, 0, 0, 0, 0, 0, 0, '0000-00-00 00:00:00'),
	(1, 1, 1, 1, 1, 0, 1, 1, 1, 0, 1, 1, 1, 1, 1, 1, 1, 1, 1, 1, 1, 0, 1, NULL, 1, 1, 1, 1, 1, 1, 1, 1, 1, 3, 3, 0, NULL, 0, 0, 0, 3, 3, 3, 0, 0, 0, 0, 0, 0, 0, 0, 0, 0, 0, 0, 0, 0, 0, 0, 0, 0, '0000-00-00 00:00:00'),
	(1, 1, 1, 1, 1, 0, 1, 0, 0, 0, 0, 1, 1, 1, 1, 1, 1, 1, 1, 1, 1, 1, 1, NULL, 1, 1, 1, 1, 1, 1, 1, 1, 1, 2, 2, 1, NULL, 1, 1, 1, 1, 2, 2, 1, 0, 0, 0, 0, 0, 0, 0, 0, 0, 0, 0, 0, 0, 0, 0, 0, 0, '0000-00-00 00:00:00'),
	(3, 3, 1, 3, 3, 0, 0, 0, 0, 0, 0, 1, 1, 1, 3, 3, 1, 3, 1, 1, 3, 0, 0, NULL, 0, 0, 1, 1, 0, 1, 3, 1, 3, 1, 0, 0, NULL, 0, 0, 0, 3, 1, 0, 0, 0, 0, 0, 0, 0, 0, 0, 0, 0, 0, 0, 0, 0, 0, 0, 0, 0, '0000-00-00 00:00:00'),
	(1, 1, 1, 1, 1, 1, 1, 0, 1, 1, 0, 1, 1, 1, 1, 1, 1, 1, 1, 1, 1, 1, 1, NULL, 1, 0, 1, 1, 1, 1, 1, 1, 1, 1, 0, 1, NULL, 1, 1, 1, 1, 1, 0, 1, 0, 0, 0, 0, 0, 0, 0, 0, 0, 0, 0, 0, 0, 0, 0, 0, 0, '0000-00-00 00:00:00'),
	(1, 1, 1, 1, 1, 0, 1, 0, 1, 1, 0, 1, 1, 1, 1, 1, 1, 1, 1, 1, 1, 1, 1, NULL, 1, 1, 1, 1, 1, 1, 1, 1, 1, 1, 0, 1, NULL, 1, 1, 1, 1, 1, 0, 1, 0, 0, 0, 0, 0, 0, 0, 0, 0, 0, 0, 0, 0, 0, 0, 0, 0, '0000-00-00 00:00:00'),
	(1, 1, 1, 1, 3, 1, 1, 1, 1, 0, 0, 1, 1, 0, 3, 1, 1, 1, 0, 1, 1, 0, 1, NULL, 0, 1, 0, 1, 0, 1, 1, 1, 3, 1, 0, 1, NULL, 1, 0, 1, 1, 1, 0, 1, 0, 0, 0, 0, 0, 0, 0, 0, 0, 0, 0, 0, 0, 0, 0, 0, 0, '0000-00-00 00:00:00'),
	(1, 3, 1, 1, 1, 0, 0, 0, 0, 0, 0, 1, 1, 1, 1, 1, 1, 1, 1, 1, 1, 1, 1, NULL, 1, 1, 1, 1, 1, 1, 3, 1, 1, 0, 1, 1, NULL, 0, 1, 1, 3, 1, 0, 1, 0, 1, 0, 0, 0, 0, 0, 0, 0, 0, 0, 0, 0, 0, 0, 0, 0, '0000-00-00 00:00:00'),
	(1, 3, 1, 1, 3, 1, 1, 1, 0, 0, 0, 1, 1, 1, 3, 1, 1, 3, 0, 1, 3, 1, 1, NULL, 1, 0, 1, 0, 1, 1, 3, 3, 3, 1, 0, 1, NULL, 1, 1, 1, 3, 1, 0, 0, 0, 0, 0, 0, 0, 0, 0, 0, 0, 0, 0, 0, 0, 0, 0, 0, 0, '0000-00-00 00:00:00'),
	(1, 1, 1, 1, 3, 1, 1, 1, 1, 0, 0, 1, 1, 0, 3, 1, 1, 1, 0, 1, 1, 0, 1, NULL, 0, 1, 1, 0, 0, 1, 1, 1, 1, 1, 0, 1, NULL, 1, 0, 1, 3, 1, 0, 1, 0, 0, 0, 0, 0, 0, 0, 0, 0, 0, 0, 0, 0, 0, 0, 0, 0, '0000-00-00 00:00:00'),
	(1, 1, 1, 1, 3, 1, 1, 0, 0, 1, 0, 1, 1, 1, 3, 3, 1, 3, 0, 1, 3, 1, 0, NULL, 1, 1, 0, 1, 1, 1, 3, 1, 3, 0, 1, 1, NULL, 1, 1, 1, 1, 0, 1, 1, 0, 0, 0, 0, 0, 0, 0, 0, 0, 0, 0, 0, 0, 0, 0, 0, 0, '0000-00-00 00:00:00'),
	(1, 3, 1, 1, 1, 1, 1, 0, 1, 1, 0, 1, 1, 1, 1, 1, 1, 1, 1, 1, 1, 1, 1, NULL, 1, 1, 1, 1, 1, 1, 1, 1, 1, 0, 1, 1, NULL, 1, 1, 1, 1, 1, 0, 1, 0, 0, 0, 0, 0, 0, 0, 0, 0, 0, 0, 0, 0, 0, 0, 0, 0, '0000-00-00 00:00:00'),
	(1, 1, 1, 1, 1, 1, 1, 0, 0, 1, 0, 1, 1, 1, 1, 1, 1, 1, 1, 1, 1, 1, 1, NULL, 1, 1, 1, 1, 1, 0, 1, 1, 1, 1, 0, 1, NULL, 0, 0, 0, 3, 1, 0, 1, 0, 0, 0, 0, 0, 0, 0, 0, 0, 0, 0, 0, 0, 0, 0, 0, 0, '0000-00-00 00:00:00'),
	(3, 3, 1, 3, 3, 1, 1, 0, 0, 1, 0, 1, 1, 0, 3, 3, 1, 3, 0, 1, 3, 0, 0, NULL, 0, 1, 0, 0, 0, 1, 3, 1, 3, 1, 0, 1, NULL, 1, 0, 0, 1, 1, 0, 1, 0, 0, 0, 0, 0, 0, 0, 0, 0, 0, 0, 0, 0, 0, 0, 0, 0, '0000-00-00 00:00:00'),
	(1, 1, 1, 1, 1, 1, 1, 1, 0, 0, 1, 1, 1, 1, 1, 1, 1, 1, 1, 1, 1, 1, 1, NULL, 1, 1, 1, 1, 1, 1, 1, 1, 1, 0, 1, 1, NULL, 1, 1, 1, 1, 0, 1, 1, 0, 0, 0, 0, 0, 0, 0, 0, 0, 0, 0, 0, 0, 0, 0, 0, 0, '0000-00-00 00:00:00'),
	(1, 3, 1, 1, 1, 0, 1, 0, 0, 0, 0, 1, 1, 1, 1, 1, 1, 1, 1, 1, 3, 0, 1, NULL, 1, 1, 1, 0, 0, 1, 3, 1, 3, 1, 0, 1, NULL, 1, 0, 1, 1, 1, 0, 1, 0, 0, 0, 0, 0, 0, 0, 0, 0, 0, 0, 0, 0, 0, 0, 0, 0, '0000-00-00 00:00:00'),
	(1, 1, 1, 1, 1, 1, 1, 0, 1, 1, 0, 1, 1, 1, 1, 1, 1, 1, 1, 1, 1, 1, 1, NULL, 1, 1, 1, 1, 1, 1, 1, 1, 1, 0, 1, 1, NULL, 1, 1, 1, 1, 1, 0, 1, 0, 0, 0, 0, 0, 0, 0, 0, 0, 0, 0, 0, 0, 0, 0, 0, 0, '0000-00-00 00:00:00'),
	(3, 3, 3, 1, 3, 0, 0, 1, 0, 0, 0, 0, 1, 1, 1, 3, 3, 3, 1, 3, 1, 1, 1, NULL, 1, 1, 1, 1, 1, 1, 3, 1, 3, 1, 0, 1, NULL, 0, 1, 1, 1, 1, 0, 1, 0, 1, 0, 0, 0, 0, 0, 0, 0, 0, 0, 0, 0, 0, 0, 0, 0, '0000-00-00 00:00:00'),
	(1, 1, 1, 1, 3, 1, 1, 0, 0, 1, 0, 1, 1, 0, 3, 1, 1, 1, 1, 1, 3, 0, 1, NULL, 0, 1, 0, 1, 1, 1, 1, 1, 3, 1, 0, 1, NULL, 1, 0, 1, 1, 1, 0, 1, 0, 0, 0, 0, 0, 0, 0, 0, 0, 0, 0, 0, 0, 0, 0, 0, 0, '0000-00-00 00:00:00'),
	(3, 3, 3, 3, 3, 0, 1, 1, 1, 0, 1, 1, 0, 0, 3, 3, 3, 3, 0, 3, 3, 1, 0, NULL, 0, 0, 0, 0, 0, 0, 3, 3, 3, 3, 3, 0, NULL, 0, 0, 0, 3, 1, 0, 1, 0, 0, 0, 0, 0, 0, 0, 0, 0, 0, 0, 0, 0, 0, 0, 0, 0, '0000-00-00 00:00:00'),
	(3, 3, 1, 3, 3, 0, 0, 0, 0, 1, 0, 0, 1, 0, 3, 3, 1, 3, 0, 1, 3, 0, 0, NULL, 0, 0, 1, 1, 1, 0, 3, 3, 3, 3, 3, 0, NULL, 1, 0, 0, 3, 1, 0, 0, 0, 0, 0, 0, 0, 0, 0, 0, 0, 0, 0, 0, 0, 0, 0, 0, 0, '0000-00-00 00:00:00'),
	(1, 1, 1, 1, 1, 1, 1, 0, 1, 1, 0, 1, 1, 1, 1, 1, 1, 1, 1, 1, 1, 1, 1, NULL, 1, 1, 1, 1, 1, 1, 1, 1, 1, 1, 0, 1, NULL, 1, 1, 1, 1, 1, 0, 1, 0, 0, 0, 0, 0, 0, 0, 0, 0, 0, 0, 0, 0, 0, 0, 0, 0, '0000-00-00 00:00:00'),
	(3, 1, 3, 3, 3, 0, 0, 0, 1, 0, 0, 0, 1, 1, 1, 3, 3, 3, 1, 3, 1, 1, 1, NULL, 1, 1, 1, 1, 1, 1, 3, 1, 3, 0, 1, 1, NULL, 1, 1, 1, 1, 1, 0, 1, 0, 0, 0, 0, 0, 0, 0, 0, 0, 0, 0, 0, 0, 0, 0, 0, 0, '0000-00-00 00:00:00'),
	(3, 3, 1, 3, 3, 1, 0, 1, 1, 1, 0, 1, 1, 1, 1, 1, 1, 1, 1, 1, 1, 1, 1, NULL, 1, 1, 1, 1, 1, 1, 1, 1, 1, 1, 0, 1, NULL, 1, 1, 1, 1, 1, 0, 1, 0, 0, 0, 0, 0, 0, 0, 0, 0, 0, 0, 0, 0, 0, 0, 0, 0, '0000-00-00 00:00:00'),
	(3, 3, 1, 3, 1, 1, 1, 0, 0, 0, 1, 0, 1, 1, 1, 1, 3, 1, 1, 3, 1, 1, 1, NULL, 1, 1, 1, 1, 1, 1, 3, 1, 1, 0, 1, 1, NULL, 1, 1, 1, 1, 0, 1, 1, 0, 0, 0, 0, 0, 0, 0, 0, 0, 0, 0, 0, 0, 0, 0, 0, 0, '0000-00-00 00:00:00'),
	(1, 1, 1, 1, 1, 1, 0, 1, 1, 1, 0, 1, 1, 1, 1, 1, 1, 1, 1, 1, 1, 1, 1, NULL, 1, 1, 1, 1, 1, 1, 1, 1, 1, 1, 0, 1, NULL, 1, 1, 1, 1, 1, 0, 1, 0, 0, 0, 0, 0, 0, 0, 0, 0, 0, 0, 0, 0, 0, 0, 0, 0, '0000-00-00 00:00:00'),
	(1, 1, 1, 1, 1, 1, 1, 0, 1, 0, 1, 1, 1, 1, 1, 1, 1, 1, 1, 1, 1, 1, 1, NULL, 1, 1, 1, 1, 1, 1, 1, 1, 1, 0, 1, 1, NULL, 1, 1, 1, 1, 0, 1, 1, 0, 0, 0, 0, 0, 0, 0, 0, 0, 0, 0, 0, 0, 0, 0, 0, 0, '0000-00-00 00:00:00'),
	(3, 3, 1, 3, 1, 1, 1, 0, 0, 0, 1, 0, 1, 1, 3, 1, 3, 1, 1, 1, 3, 1, 1, NULL, 1, 1, 1, 1, 1, 1, 3, 1, 1, 0, 1, 1, NULL, 1, 1, 1, 1, 2, 2, 0, 0, 0, 0, 0, 0, 0, 0, 0, 0, 0, 0, 0, 0, 0, 0, 0, 0, '0000-00-00 00:00:00'),
	(1, 3, 3, 3, 1, 1, 1, 0, 0, 0, 1, 0, 1, 1, 1, 3, 3, 3, 1, 3, 1, 1, 1, NULL, 1, 1, 1, 1, 1, 1, 3, 3, 1, 0, 1, 1, NULL, 1, 1, 1, 1, 0, 1, 1, 0, 0, 0, 0, 0, 0, 0, 0, 0, 0, 0, 0, 0, 0, 0, 0, 0, '0000-00-00 00:00:00'),
	(3, 1, 1, 1, 3, 1, 1, 0, 0, 0, 0, 0, 1, 1, 1, 1, 3, 1, 0, 3, 1, 1, 1, NULL, 1, 1, 0, 0, 1, 1, 3, 1, 1, 1, 0, 1, NULL, 1, 1, 0, 3, 1, 0, 1, 0, 0, 0, 0, 0, 0, 0, 0, 0, 0, 0, 0, 0, 0, 0, 0, 0, '0000-00-00 00:00:00'),
	(1, 1, 1, 1, 1, 1, 1, 0, 1, 0, 0, 1, 1, 1, 1, 1, 1, 1, 1, 1, 1, 1, 1, NULL, 1, 1, 1, 1, 1, 1, 3, 1, 1, 1, 0, 1, NULL, 1, 1, 1, 1, 1, 0, 1, 0, 0, 0, 0, 0, 0, 0, 0, 0, 0, 0, 0, 0, 0, 0, 0, 0, '0000-00-00 00:00:00'),
	(1, 1, 1, 1, 1, 1, 1, 0, 0, 0, 1, 1, 1, 1, 1, 1, 1, 1, 1, 1, 1, 1, 1, NULL, 1, 1, 1, 1, 1, 1, 1, 1, 1, 0, 1, 1, NULL, 1, 1, 1, 1, 0, 1, 1, 0, 0, 0, 0, 0, 0, 0, 0, 0, 0, 0, 0, 0, 0, 0, 0, 0, '0000-00-00 00:00:00'),
	(1, 1, 1, 1, 1, 1, 1, 0, 1, 0, 1, 1, 1, 1, 1, 1, 1, 1, 1, 1, 1, 1, 1, NULL, 1, 1, 1, 1, 1, 1, 1, 1, 1, 1, 0, 1, NULL, 1, 1, 1, 1, 1, 0, 1, 0, 0, 0, 0, 0, 0, 0, 0, 0, 0, 0, 0, 0, 0, 0, 0, 0, '0000-00-00 00:00:00'),
	(1, 1, 1, 1, 1, 0, 1, 1, 1, 1, 0, 1, 1, 1, 1, 1, 1, 1, 1, 1, 1, 1, 1, NULL, 1, 1, 1, 1, 1, 1, 1, 1, 1, 1, 0, 1, NULL, 1, 1, 1, 1, 1, 0, 1, 0, 1, 0, 0, 0, 0, 0, 0, 0, 0, 0, 0, 0, 0, 0, 0, 0, '0000-00-00 00:00:00'),
	(1, 1, 1, 1, 1, 1, 1, 0, 1, 0, 1, 1, 1, 1, 1, 1, 1, 1, 1, 1, 1, 1, 1, NULL, 1, 1, 1, 0, 1, 1, 1, 1, 1, 0, 1, 1, NULL, 1, 1, 1, 1, 0, 1, 1, 0, 1, 0, 0, 0, 0, 0, 0, 0, 0, 0, 0, 0, 0, 0, 0, 0, '0000-00-00 00:00:00'),
	(3, 3, 1, 1, 1, 1, 1, 0, 0, 0, 0, 1, 1, 1, 1, 1, 1, 1, 0, 1, 1, 1, 1, NULL, 1, 1, 1, 1, 1, 1, 3, 1, 1, 0, 1, 1, NULL, 1, 1, 1, 1, 1, 0, 1, 0, 0, 0, 0, 0, 0, 0, 0, 0, 0, 0, 0, 0, 0, 0, 0, 0, '0000-00-00 00:00:00'),
	(1, 1, 1, 1, 1, 1, 1, 1, 1, 0, 0, 1, 1, 1, 1, 1, 1, 1, 1, 1, 1, 1, 1, NULL, 1, 1, 1, 1, 1, 1, 1, 1, 1, 2, 2, 1, NULL, 1, 1, 1, 1, 1, 0, 1, 0, 1, 0, 0, 0, 0, 0, 0, 0, 0, 0, 0, 0, 0, 0, 0, 0, '0000-00-00 00:00:00'),
	(3, 3, 1, 1, 1, 2, 2, 2, 2, 2, 2, 2, 1, 1, 1, 1, 1, 3, 1, 1, 1, 1, 1, NULL, 1, 1, 1, 1, 1, 1, 1, 1, 1, 0, 1, 1, NULL, 1, 1, 1, 1, 0, 1, 1, 0, 0, 0, 0, 0, 0, 0, 0, 0, 0, 0, 0, 0, 0, 0, 0, 0, '0000-00-00 00:00:00'),
	(1, 1, 1, 1, 1, 1, 1, 0, 1, 0, 0, 1, 1, 1, 1, 1, 1, 3, 0, 1, 1, 1, 1, NULL, 1, 1, 0, 1, 0, 1, 1, 1, 1, 1, 0, 1, NULL, 1, 1, 1, 1, 1, 0, 1, 0, 0, 0, 0, 0, 0, 0, 0, 0, 0, 0, 0, 0, 0, 0, 0, 0, '0000-00-00 00:00:00'),
	(1, 1, 1, 1, 3, 0, 0, 0, 1, 0, 0, 1, 1, 0, 3, 3, 1, 1, 0, 1, 3, 0, 0, NULL, 0, 1, 0, 0, 0, 1, 1, 1, 3, 1, 0, 1, NULL, 1, 0, 0, 1, 1, 0, 0, 0, 0, 0, 0, 0, 0, 0, 0, 0, 0, 0, 0, 0, 0, 0, 0, 0, '0000-00-00 00:00:00'),
	(1, 1, 1, 1, 1, 1, 1, 0, 1, 0, 0, 1, 1, 1, 1, 1, 1, 1, 1, 1, 1, 1, 1, NULL, 1, 1, 1, 1, 1, 1, 1, 1, 1, 1, 0, 1, NULL, 1, 1, 1, 1, 1, 0, 1, 0, 0, 0, 0, 0, 0, 0, 0, 0, 0, 0, 0, 0, 0, 0, 0, 0, '0000-00-00 00:00:00'),
	(3, 3, 3, 3, 3, 1, 1, 0, 1, 0, 0, 0, 0, 0, 3, 3, 3, 3, 0, 3, 3, 0, 0, NULL, 0, 0, 0, 0, 0, 0, 3, 3, 3, 3, 3, 0, NULL, 0, 0, 0, 3, 1, 0, 0, 0, 0, 0, 0, 0, 0, 0, 0, 0, 0, 0, 0, 0, 0, 0, 0, 0, '0000-00-00 00:00:00'),
	(1, 1, 1, 1, 1, 1, 1, 0, 1, 0, 0, 1, 1, 1, 1, 1, 1, 1, 1, 1, 1, 1, 1, NULL, 1, 1, 1, 1, 1, 1, 1, 1, 1, 0, 1, 1, NULL, 1, 1, 1, 1, 1, 0, 1, 0, 0, 0, 0, 0, 0, 0, 0, 0, 0, 0, 0, 0, 0, 0, 0, 0, '0000-00-00 00:00:00'),
	(1, 1, 1, 1, 1, 1, 1, 1, 1, 0, 0, 1, 1, 1, 1, 1, 1, 1, 1, 1, 1, 1, 1, NULL, 1, 1, 1, 1, 1, 1, 1, 1, 1, 1, 0, 1, NULL, 1, 1, 1, 1, 1, 0, 1, 0, 0, 0, 0, 0, 0, 0, 0, 0, 0, 0, 0, 0, 0, 0, 0, 0, '0000-00-00 00:00:00'),
	(3, 3, 1, 3, 3, 0, 0, 0, 0, 0, 0, 1, 0, 0, 3, 3, 3, 1, 0, 1, 1, 0, 1, NULL, 0, 1, 0, 0, 0, 0, 1, 1, 3, 3, 3, 0, NULL, 0, 0, 0, 3, 3, 3, 0, 0, 0, 0, 0, 0, 0, 0, 0, 0, 0, 0, 0, 0, 0, 0, 0, 0, '0000-00-00 00:00:00'),
	(3, 3, 3, 3, 3, 1, 1, 0, 1, 0, 0, 1, 0, 0, 3, 3, 3, 3, 0, 3, 3, 0, 0, NULL, 0, 0, 0, 0, 0, 0, 3, 3, 3, 3, 3, 0, NULL, 0, 0, 0, 3, 1, 0, 0, 0, 0, 0, 0, 0, 0, 0, 0, 0, 0, 0, 0, 0, 0, 0, 0, 0, '0000-00-00 00:00:00'),
	(1, 1, 1, 1, 1, 1, 1, 0, 1, 0, 0, 1, 1, 1, 1, 1, 1, 1, 1, 1, 1, 1, 1, NULL, 1, 1, 1, 1, 1, 1, 1, 1, 1, 0, 1, 1, NULL, 1, 1, 1, 1, 1, 0, 1, 0, 0, 0, 0, 0, 0, 0, 0, 0, 0, 0, 0, 0, 0, 0, 0, 0, '0000-00-00 00:00:00'),
	(1, 1, 1, 1, 1, 1, 1, 0, 1, 0, 0, 1, 1, 1, 1, 1, 1, 1, 1, 1, 1, 1, 1, NULL, 1, 1, 1, 1, 1, 1, 1, 1, 1, 2, 2, 1, NULL, 1, 1, 1, 1, 2, 2, 1, 0, 1, 0, 0, 0, 0, 0, 0, 0, 0, 0, 0, 0, 0, 0, 0, 0, '0000-00-00 00:00:00'),
	(1, 1, 1, 1, 1, 1, 1, 0, 1, 0, 1, 1, 1, 1, 1, 1, 1, 1, 1, 1, 1, 1, 1, NULL, 1, 1, 1, 1, 1, 1, 1, 1, 1, 1, 0, 1, NULL, 1, 1, 1, 1, 1, 0, 1, 0, 0, 0, 0, 0, 0, 0, 0, 0, 0, 0, 0, 0, 0, 0, 0, 0, '0000-00-00 00:00:00'),
	(1, 1, 1, 1, 1, 1, 1, 1, 1, 0, 0, 1, 1, 1, 1, 1, 1, 1, 1, 1, 1, 1, 1, NULL, 1, 1, 1, 1, 1, 1, 1, 1, 1, 0, 1, 1, NULL, 1, 1, 1, 1, 1, 0, 1, 0, 0, 0, 0, 0, 0, 0, 0, 0, 0, 0, 0, 0, 0, 0, 0, 0, '0000-00-00 00:00:00'),
	(1, 1, 1, 3, 3, 1, 1, 0, 0, 1, 0, 1, 1, 0, 3, 3, 1, 1, 0, 1, 3, 0, 0, NULL, 0, 1, 0, 0, 0, 0, 3, 3, 3, 3, 3, 0, NULL, 0, 0, 0, 3, 3, 3, 0, 0, 0, 0, 0, 0, 0, 0, 0, 0, 0, 0, 0, 0, 0, 0, 0, 0, '0000-00-00 00:00:00'),
	(1, 1, 1, 1, 1, 1, 1, 1, 1, 0, 1, 0, 1, 1, 1, 1, 1, 1, 1, 1, 1, 1, 1, NULL, 1, 1, 1, 1, 1, 1, 1, 1, 1, 0, 1, 1, NULL, 1, 1, 1, 1, 1, 0, 1, 0, 0, 0, 0, 0, 0, 0, 0, 0, 0, 0, 0, 0, 0, 0, 0, 0, '0000-00-00 00:00:00'),
	(1, 1, 1, 1, 1, 1, 1, 1, 1, 0, 0, 1, 1, 1, 1, 1, 1, 1, 1, 1, 1, 1, 1, NULL, 1, 1, 1, 1, 1, 1, 1, 1, 1, 1, 0, 1, NULL, 1, 1, 1, 1, 1, 0, 1, 0, 0, 0, 0, 0, 0, 0, 0, 0, 0, 0, 0, 0, 0, 0, 0, 0, '0000-00-00 00:00:00'),
	(1, 1, 1, 1, 1, 1, 1, 1, 1, 0, 0, 1, 1, 1, 1, 1, 1, 1, 0, 1, 1, 1, 1, NULL, 1, 1, 1, 1, 1, 1, 1, 1, 1, 1, 0, 1, NULL, 1, 1, 1, 1, 1, 0, 1, 0, 0, 0, 0, 0, 0, 0, 0, 0, 0, 0, 0, 0, 0, 0, 0, 0, '0000-00-00 00:00:00'),
	(1, 1, 1, 1, 1, 1, 1, 1, 1, 0, 1, 0, 1, 1, 1, 1, 1, 1, 1, 1, 1, 1, 1, NULL, 1, 1, 1, 1, 1, 1, 1, 1, 3, 0, 1, 1, NULL, 1, 1, 1, 1, 1, 0, 1, 0, 0, 0, 0, 0, 0, 0, 0, 0, 0, 0, 0, 0, 0, 0, 0, 0, '0000-00-00 00:00:00'),
	(1, 1, 1, 1, 1, 0, 1, 1, 1, 1, 1, 0, 1, 1, 1, 1, 1, 1, 1, 1, 1, 1, 1, NULL, 1, 1, 1, 1, 1, 1, 1, 1, 1, 0, 1, 1, NULL, 1, 1, 1, 1, 0, 1, 1, 0, 1, 0, 0, 0, 0, 0, 0, 0, 0, 0, 0, 0, 0, 0, 0, 0, '0000-00-00 00:00:00'),
	(1, 1, 1, 1, 1, 1, 1, 1, 1, 0, 0, 1, 1, 1, 1, 1, 1, 1, 1, 1, 1, 1, 1, NULL, 1, 1, 1, 1, 1, 1, 1, 1, 1, 1, 0, 1, NULL, 1, 1, 1, 1, 1, 0, 1, 0, 1, 0, 0, 0, 0, 0, 0, 0, 0, 0, 0, 0, 0, 0, 0, 0, '0000-00-00 00:00:00'),
	(1, 1, 1, 1, 1, 1, 1, 1, 1, 0, 1, 0, 1, 1, 1, 1, 1, 1, 1, 1, 1, 1, 1, NULL, 1, 1, 1, 1, 1, 1, 1, 1, 1, 0, 1, 1, NULL, 1, 1, 1, 1, 1, 0, 1, 0, 0, 0, 0, 0, 0, 0, 0, 0, 0, 0, 0, 0, 0, 0, 0, 0, '0000-00-00 00:00:00'),
	(1, 1, 1, 1, 1, 1, 1, 0, 1, 0, 1, 1, 1, 1, 1, 1, 1, 1, 1, 1, 1, 1, 1, NULL, 1, 1, 1, 1, 1, 1, 1, 1, 1, 2, 2, 1, NULL, 1, 1, 1, 1, 1, 0, 1, 0, 0, 0, 0, 0, 0, 0, 0, 0, 0, 0, 0, 0, 0, 0, 0, 0, '0000-00-00 00:00:00'),
	(1, 1, 1, 1, 1, 1, 1, 0, 1, 0, 1, 1, 1, 1, 1, 1, 1, 1, 1, 1, 1, 1, 1, NULL, 1, 1, 1, 1, 1, 1, 1, 1, 1, 1, 0, 1, NULL, 1, 1, 1, 1, 1, 0, 1, 0, 1, 0, 0, 0, 0, 0, 0, 0, 0, 0, 0, 0, 0, 0, 0, 0, '0000-00-00 00:00:00'),
	(1, 1, 1, 1, 3, 1, 1, 0, 1, 1, 0, 1, 1, 0, 1, 1, 1, 1, 0, 1, 1, 0, 1, NULL, 1, 1, 1, 1, 1, 1, 1, 1, 3, 1, 0, 1, NULL, 1, 1, 1, 1, 1, 0, 1, 0, 0, 0, 0, 0, 0, 0, 0, 0, 0, 0, 0, 0, 0, 0, 0, 0, '0000-00-00 00:00:00'),
	(3, 1, 1, 3, 3, 0, 1, 1, 1, 1, 0, 0, 1, 0, 3, 1, 1, 1, 0, 1, 1, 0, 1, NULL, 0, 1, 0, 0, 0, 1, 1, 1, 3, 1, 0, 1, NULL, 1, 0, 1, 1, 1, 0, 1, 0, 0, 0, 0, 0, 0, 0, 0, 0, 0, 0, 0, 0, 0, 0, 0, 0, '0000-00-00 00:00:00'),
	(1, 1, 1, 1, 1, 1, 0, 1, 0, 0, 1, 0, 1, 1, 1, 1, 1, 1, 1, 1, 1, 1, 1, NULL, 1, 1, 1, 1, 1, 1, 1, 1, 1, 1, 0, 1, NULL, 1, 1, 1, 1, 0, 1, 1, 0, 0, 0, 0, 0, 0, 0, 0, 0, 0, 0, 0, 0, 0, 0, 0, 0, '0000-00-00 00:00:00'),
	(3, 1, 3, 3, 3, 1, 0, 1, 0, 0, 0, 0, 0, 0, 3, 3, 3, 3, 0, 3, 1, 0, 1, NULL, 0, 0, 0, 0, 0, 1, 3, 3, 3, 1, 0, 0, NULL, 0, 0, 0, 3, 3, 3, 0, 0, 0, 0, 0, 0, 0, 0, 0, 0, 0, 0, 0, 0, 0, 0, 0, 0, '0000-00-00 00:00:00'),
	(3, 1, 3, 3, 3, 1, 0, 1, 0, 0, 0, 0, 0, 0, 3, 1, 3, 3, 0, 3, 1, 1, 1, NULL, 0, 0, 0, 0, 0, 1, 3, 3, 3, 1, 0, 0, NULL, 0, 0, 0, 3, 0, 1, 0, 0, 0, 0, 0, 0, 0, 0, 0, 0, 0, 0, 0, 0, 0, 0, 0, 0, '0000-00-00 00:00:00'),
	(1, 1, 1, 1, 1, 1, 0, 1, 1, 1, 1, 0, 1, 1, 1, 1, 1, 1, 1, 1, 1, 1, 1, NULL, 1, 1, 1, 0, 1, 1, 1, 1, 1, 1, 0, 1, NULL, 1, 1, 1, 1, 1, 0, 1, 0, 0, 0, 0, 0, 0, 0, 0, 0, 0, 0, 0, 0, 0, 0, 0, 0, '0000-00-00 00:00:00'),
	(1, 1, 1, 1, 1, 1, 0, 1, 1, 1, 1, 0, 1, 1, 1, 1, 1, 1, 1, 1, 1, 1, 1, NULL, 1, 1, 1, 1, 1, 1, 1, 1, 1, 1, 0, 1, NULL, 1, 1, 1, 1, 0, 1, 1, 0, 0, 0, 0, 0, 0, 0, 0, 0, 0, 0, 0, 0, 0, 0, 0, 0, '0000-00-00 00:00:00'),
	(3, 1, 3, 3, 3, 1, 0, 1, 1, 0, 0, 0, 1, 1, 1, 3, 3, 3, 1, 1, 1, 1, 1, NULL, 1, 1, 1, 1, 1, 1, 1, 3, 1, 1, 0, 1, NULL, 1, 1, 1, 1, 0, 1, 1, 0, 1, 0, 0, 0, 0, 0, 0, 0, 0, 0, 0, 0, 0, 0, 0, 0, '0000-00-00 00:00:00'),
	(3, 3, 3, 3, 3, 1, 0, 0, 1, 0, 0, 0, 0, 0, 3, 3, 3, 3, 0, 3, 3, 0, 0, NULL, 0, 0, 0, 0, 0, 0, 3, 3, 3, 1, 0, 0, NULL, 0, 0, 0, 3, 1, 0, 0, 0, 0, 0, 0, 0, 0, 0, 0, 0, 0, 0, 0, 0, 0, 0, 0, 0, '0000-00-00 00:00:00'),
	(1, 1, 1, 1, 1, 1, 1, 0, 1, 0, 1, 1, 1, 1, 1, 1, 1, 1, 1, 1, 1, 1, 1, NULL, 1, 1, 1, 1, 1, 0, 1, 1, 1, 1, 0, 1, NULL, 1, 1, 1, 3, 0, 1, 1, 0, 1, 0, 0, 0, 0, 0, 0, 0, 0, 0, 0, 0, 0, 0, 0, 0, '0000-00-00 00:00:00'),
	(1, 1, 1, 1, 1, 1, 0, 0, 1, 0, 0, 0, 1, 1, 1, 1, 1, 1, 1, 1, 1, 1, 1, NULL, 1, 1, 1, 1, 1, 1, 1, 1, 1, 1, 0, 1, NULL, 1, 1, 1, 1, 1, 0, 1, 0, 0, 0, 0, 0, 0, 0, 0, 0, 0, 0, 0, 0, 0, 0, 0, 0, '0000-00-00 00:00:00'),
	(1, 1, 1, 1, 1, 1, 1, 1, 1, 0, 1, 0, 1, 1, 1, 1, 1, 1, 1, 1, 1, 1, 1, NULL, 1, 1, 1, 1, 1, 1, 1, 1, 1, 1, 0, 1, NULL, 1, 1, 1, 1, 0, 1, 1, 0, 0, 0, 0, 0, 0, 0, 0, 0, 0, 0, 0, 0, 0, 0, 0, 0, '0000-00-00 00:00:00'),
	(3, 3, 3, 3, 3, 1, 1, 0, 1, 0, 1, 1, 0, 0, 3, 3, 3, 3, 0, 3, 3, 0, 0, NULL, 0, 0, 0, 0, 0, 0, 3, 3, 3, 3, 3, 0, NULL, 0, 0, 0, 3, 3, 3, 0, 0, 0, 0, 0, 0, 0, 0, 0, 0, 0, 0, 0, 0, 0, 0, 0, 0, '0000-00-00 00:00:00'),
	(1, 1, 1, 1, 1, 1, 1, 1, 1, 0, 0, 1, 1, 1, 1, 1, 1, 1, 1, 1, 1, 1, 1, NULL, 1, 1, 1, 1, 1, 1, 1, 1, 1, 1, 0, 1, NULL, 1, 1, 1, 1, 1, 0, 1, 0, 1, 0, 0, 0, 0, 0, 0, 0, 0, 0, 0, 0, 0, 0, 0, 0, '0000-00-00 00:00:00'),
	(1, 1, 1, 1, 1, 1, 1, 1, 1, 0, 0, 1, 1, 1, 1, 1, 1, 1, 1, 1, 1, 1, 1, NULL, 1, 1, 1, 1, 1, 1, 1, 1, 1, 1, 0, 1, NULL, 1, 1, 1, 1, 1, 0, 1, 0, 1, 0, 0, 0, 0, 0, 0, 0, 0, 0, 0, 0, 0, 0, 0, 0, '0000-00-00 00:00:00'),
	(1, 3, 3, 3, 3, 0, 0, 1, 1, 0, 0, 0, 1, 0, 1, 3, 3, 3, 1, 1, 1, 0, 1, NULL, 1, 1, 0, 1, 1, 1, 3, 1, 3, 3, 3, 0, NULL, 0, 0, 0, 3, 3, 3, 0, 0, 0, 0, 0, 0, 0, 0, 0, 0, 0, 0, 0, 0, 0, 0, 0, 0, '0000-00-00 00:00:00'),
	(1, 1, 1, 1, 1, 1, 0, 0, 1, 0, 0, 0, 1, 1, 1, 1, 1, 1, 1, 1, 1, 1, 1, NULL, 1, 1, 1, 1, 1, 1, 1, 1, 1, 1, 0, 1, NULL, 1, 1, 1, 1, 0, 1, 1, 0, 0, 0, 0, 0, 0, 0, 0, 0, 0, 0, 0, 0, 0, 0, 0, 0, '0000-00-00 00:00:00'),
	(1, 1, 3, 3, 1, 0, 1, 1, 0, 1, 1, 0, 1, 1, 3, 3, 1, 3, 0, 3, 1, 1, 1, NULL, 0, 0, 0, 0, 0, 1, 1, 3, 3, 1, 0, 1, NULL, 0, 1, 1, 1, 3, 3, 1, 0, 0, 0, 0, 0, 0, 0, 0, 0, 0, 0, 0, 0, 0, 0, 0, 0, '0000-00-00 00:00:00'),
	(1, 1, 1, 1, 1, 1, 0, 0, 1, 0, 0, 0, 1, 1, 1, 1, 1, 1, 1, 1, 1, 0, 1, NULL, 1, 1, 1, 0, 1, 1, 1, 1, 1, 1, 0, 0, NULL, 0, 0, 0, 3, 1, 0, 0, 0, 0, 0, 0, 0, 0, 0, 0, 0, 0, 0, 0, 0, 0, 0, 0, 0, '0000-00-00 00:00:00'),
	(1, 1, 1, 1, 1, 0, 0, 1, 1, 1, 1, 0, 1, 1, 1, 1, 1, 1, 1, 1, 1, 1, 1, NULL, 1, 1, 1, 1, 1, 1, 1, 1, 1, 0, 1, 1, NULL, 1, 1, 1, 1, 0, 1, 1, 0, 0, 0, 0, 0, 0, 0, 0, 0, 0, 0, 0, 0, 0, 0, 0, 0, '0000-00-00 00:00:00'),
	(3, 3, 3, 3, 3, 0, 1, 1, 0, 1, 1, 0, 0, 0, 3, 1, 3, 3, 0, 3, 1, 0, 1, NULL, 0, 0, 0, 0, 0, 0, 3, 3, 3, 3, 3, 0, NULL, 0, 0, 1, 3, 3, 3, 0, 0, 0, 0, 0, 0, 0, 0, 0, 0, 0, 0, 0, 0, 0, 0, 0, 0, '0000-00-00 00:00:00'),
	(1, 1, 1, 1, 1, 0, 1, 1, 0, 1, 1, 0, 1, 1, 1, 1, 1, 1, 1, 1, 1, 1, 1, NULL, 1, 1, 1, 1, 1, 1, 1, 1, 1, 0, 1, 1, NULL, 1, 1, 0, 1, 0, 1, 1, 0, 0, 0, 0, 0, 0, 0, 0, 0, 0, 0, 0, 0, 0, 0, 0, 0, '0000-00-00 00:00:00'),
	(1, 1, 1, 1, 1, 0, 1, 1, 0, 1, 1, 0, 0, 1, 3, 1, 3, 3, 0, 3, 1, 1, 1, NULL, 1, 0, 1, 1, 1, 1, 3, 3, 1, 0, 1, 1, NULL, 1, 1, 1, 1, 0, 1, 1, 0, 0, 0, 0, 0, 0, 0, 0, 0, 0, 0, 0, 0, 0, 0, 0, 0, '0000-00-00 00:00:00'),
	(1, 1, 1, 1, 1, 0, 1, 1, 0, 1, 1, 0, 0, 0, 3, 1, 3, 3, 1, 3, 3, 0, 1, NULL, 0, 0, 0, 0, 0, 0, 3, 3, 3, 3, 3, 0, NULL, 0, 0, 0, 3, 3, 3, 0, 0, 0, 0, 0, 0, 0, 0, 0, 0, 0, 0, 0, 0, 0, 0, 0, 0, '0000-00-00 00:00:00'),
	(1, 3, 3, 3, 3, 0, 0, 1, 1, 0, 0, 0, 1, 1, 3, 1, 3, 3, 0, 3, 1, 1, 1, NULL, 1, 1, 1, 1, 1, 1, 3, 1, 1, 1, 0, 1, NULL, 1, 1, 1, 3, 1, 0, 1, 0, 0, 0, 0, 0, 0, 0, 0, 0, 0, 0, 0, 0, 0, 0, 0, 0, '0000-00-00 00:00:00'),
	(1, 1, 1, 1, 1, 0, 0, 1, 0, 1, 1, 0, 1, 1, 1, 1, 1, 1, 1, 1, 1, 1, 1, NULL, 1, 1, 1, 1, 1, 1, 1, 1, 1, 0, 1, 1, NULL, 1, 1, 1, 1, 0, 1, 1, 0, 0, 0, 0, 0, 0, 0, 0, 0, 0, 0, 0, 0, 0, 0, 0, 0, '0000-00-00 00:00:00'),
	(1, 3, 3, 3, 1, 0, 1, 1, 0, 1, 1, 0, 1, 1, 1, 1, 3, 3, 1, 1, 1, 1, 1, NULL, 1, 1, 1, 1, 1, 1, 1, 1, 1, 0, 1, 1, NULL, 1, 1, 1, 1, 0, 1, 1, 0, 0, 0, 0, 0, 0, 0, 0, 0, 0, 0, 0, 0, 0, 0, 0, 0, '0000-00-00 00:00:00'),
	(1, 3, 3, 3, 1, 0, 0, 1, 0, 1, 1, 0, 1, 1, 3, 1, 3, 3, 1, 3, 1, 0, 1, NULL, 0, 0, 1, 1, 0, 1, 3, 3, 3, 3, 3, 0, NULL, 0, 0, 0, 3, 3, 3, 0, 0, 0, 0, 0, 0, 0, 0, 0, 0, 0, 0, 0, 0, 0, 0, 0, 0, '0000-00-00 00:00:00'),
	(1, 1, 1, 1, 1, 1, 1, 1, 0, 1, 1, 0, 1, 1, 1, 1, 1, 1, 1, 1, 1, 1, 1, NULL, 1, 1, 1, 1, 1, 0, 1, 1, 1, 1, 0, 1, NULL, 1, 1, 0, 1, 0, 1, 1, 0, 0, 0, 0, 0, 0, 0, 0, 0, 0, 0, 0, 0, 0, 0, 0, 0, '0000-00-00 00:00:00'),
	(1, 1, 1, 1, 1, 0, 0, 1, 0, 0, 0, 0, 1, 1, 3, 1, 3, 3, 1, 1, 1, 1, 1, NULL, 1, 1, 1, 1, 1, 1, 1, 1, 1, 1, 0, 1, NULL, 1, 1, 1, 1, 0, 1, 1, 0, 1, 0, 0, 0, 0, 0, 0, 0, 0, 0, 0, 0, 0, 0, 0, 0, '0000-00-00 00:00:00'),
	(1, 1, 1, 1, 1, 0, 1, 1, 0, 1, 1, 1, 1, 1, 1, 1, 1, 1, 1, 1, 1, 1, 1, NULL, 1, 1, 1, 1, 1, 1, 1, 1, 1, 0, 1, 1, NULL, 1, 1, 1, 1, 0, 1, 1, 0, 0, 0, 0, 0, 0, 0, 0, 0, 0, 0, 0, 0, 0, 0, 0, 0, '0000-00-00 00:00:00'),
	(1, 1, 1, 1, 1, 1, 1, 1, 0, 1, 1, 0, 1, 1, 1, 1, 1, 1, 1, 1, 1, 1, 1, NULL, 1, 1, 1, 0, 1, 1, 1, 1, 1, 0, 1, 1, NULL, 1, 1, 1, 1, 0, 1, 1, 0, 0, 0, 0, 0, 0, 0, 0, 0, 0, 0, 0, 0, 0, 0, 0, 0, '0000-00-00 00:00:00'),
	(1, 1, 1, 1, 1, 1, 1, 1, 1, 0, 0, 1, 1, 1, 1, 1, 1, 1, 1, 1, 1, 1, 1, NULL, 1, 1, 1, 1, 1, 1, 1, 1, 1, 1, 0, 1, NULL, 1, 1, 1, 1, 1, 0, 1, 0, 1, 0, 0, 0, 0, 0, 0, 0, 0, 0, 0, 0, 0, 0, 0, 0, '0000-00-00 00:00:00'),
	(3, 1, 3, 3, 3, 1, 0, 1, 0, 0, 0, 0, 1, 1, 1, 1, 1, 1, 1, 1, 1, 1, 1, NULL, 1, 1, 1, 1, 1, 1, 1, 1, 1, 1, 0, 1, NULL, 1, 1, 1, 1, 1, 0, 1, 0, 0, 0, 0, 0, 0, 0, 0, 0, 0, 0, 0, 0, 0, 0, 0, 0, '0000-00-00 00:00:00'),
	(1, 1, 1, 1, 1, 0, 1, 1, 0, 1, 0, 0, 1, 1, 3, 1, 3, 3, 1, 1, 1, 1, 1, NULL, 1, 1, 1, 1, 1, 1, 1, 1, 1, 0, 1, 1, NULL, 1, 1, 1, 1, 0, 1, 1, 0, 0, 0, 0, 0, 0, 0, 0, 0, 0, 0, 0, 0, 0, 0, 0, 0, '0000-00-00 00:00:00'),
	(1, 1, 1, 1, 1, 0, 1, 0, 1, 1, 0, 0, 1, 1, 1, 1, 1, 1, 1, 1, 1, 1, 1, NULL, 1, 1, 1, 1, 1, 1, 1, 1, 1, 1, 0, 1, NULL, 1, 1, 1, 1, 3, 3, 1, 0, 0, 0, 0, 0, 0, 0, 0, 0, 0, 0, 0, 0, 0, 0, 0, 0, '0000-00-00 00:00:00'),
	(1, 1, 1, 1, 1, 2, 2, 2, 2, 2, 2, 2, 1, 1, 1, 1, 1, 1, 1, 1, 3, 0, 1, NULL, 1, 1, 1, 1, 1, 1, 1, 1, 1, 0, 1, 1, NULL, 1, 0, 0, 3, 1, 0, 0, 0, 0, 0, 0, 0, 0, 0, 0, 0, 0, 0, 0, 0, 0, 0, 0, 0, '0000-00-00 00:00:00'),
	(1, 1, 1, 1, 3, 1, 1, 0, 0, 1, 0, 1, 1, 1, 1, 1, 1, 3, 0, 1, 3, 0, 1, NULL, 1, 0, 1, 1, 0, 1, 3, 1, 3, 1, 0, 1, NULL, 1, 0, 1, 3, 1, 0, 1, 0, 0, 0, 0, 0, 0, 0, 0, 0, 0, 0, 0, 0, 0, 0, 0, 0, '0000-00-00 00:00:00'),
	(1, 1, 1, 1, 1, 1, 1, 1, 1, 0, 0, 1, 1, 1, 1, 3, 3, 1, 1, 1, 3, 1, 1, NULL, 1, 1, 1, 1, 1, 1, 1, 1, 1, 0, 1, 0, NULL, 1, 1, 0, 1, 1, 0, 1, 0, 0, 0, 0, 0, 0, 0, 0, 0, 0, 0, 0, 0, 0, 0, 0, 0, '0000-00-00 00:00:00'),
	(1, 1, 3, 3, 3, 0, 0, 1, 0, 0, 1, 0, 1, 1, 1, 3, 3, 3, 1, 1, 3, 1, 1, NULL, 1, 1, 0, 1, 1, 1, 3, 3, 1, 0, 1, 1, NULL, 1, 1, 1, 3, 1, 0, 1, 0, 0, 0, 0, 0, 0, 0, 0, 0, 0, 0, 0, 0, 0, 0, 0, 0, '0000-00-00 00:00:00'),
	(1, 1, 1, 1, 3, 1, 1, 0, 1, 0, 0, 1, 1, 1, 1, 1, 1, 1, 1, 3, 1, 1, 1, NULL, 1, 1, 1, 1, 1, 1, 1, 1, 1, 0, 1, 1, NULL, 1, 1, 1, 1, 1, 0, 1, 0, 0, 0, 0, 0, 0, 0, 0, 0, 0, 0, 0, 0, 0, 0, 0, 0, '0000-00-00 00:00:00'),
	(1, 1, 1, 1, 3, 1, 1, 0, 1, 1, 0, 1, 1, 1, 1, 1, 1, 1, 0, 1, 1, 0, 1, NULL, 0, 1, 1, 1, 1, 1, 1, 1, 3, 1, 0, 1, NULL, 1, 0, 1, 1, 1, 0, 1, 0, 0, 0, 0, 0, 0, 0, 0, 0, 0, 0, 0, 0, 0, 0, 0, 0, '0000-00-00 00:00:00'),
	(3, 1, 1, 1, 3, 0, 1, 1, 0, 1, 1, 0, 1, 1, 1, 1, 1, 3, 1, 1, 1, 1, 1, NULL, 1, 1, 1, 1, 1, 1, 1, 1, 1, 1, 0, 1, NULL, 1, 1, 1, 1, 0, 1, 1, 0, 0, 0, 0, 0, 0, 0, 0, 0, 0, 0, 0, 0, 0, 0, 0, 0, '0000-00-00 00:00:00'),
	(1, 1, 1, 1, 1, 1, 0, 1, 1, 0, 1, 1, 1, 0, 1, 1, 1, 1, 1, 1, 1, 1, 1, NULL, 1, 1, 1, 1, 1, 1, 1, 1, 1, 0, 1, 1, NULL, 1, 1, 1, 1, 0, 1, 1, 0, 0, 0, 0, 0, 0, 0, 0, 0, 0, 0, 0, 0, 0, 0, 0, 0, '0000-00-00 00:00:00'),
	(1, 1, 1, 1, 1, 1, 1, 1, 0, 0, 0, 0, 1, 1, 1, 1, 1, 1, 1, 1, 1, 1, 1, NULL, 1, 1, 1, 1, 1, 1, 1, 1, 1, 1, 0, 1, NULL, 1, 1, 1, 1, 0, 1, 1, 0, 0, 0, 0, 0, 0, 0, 0, 0, 0, 0, 0, 0, 0, 0, 0, 0, '0000-00-00 00:00:00'),
	(1, 1, 1, 1, 1, 0, 1, 1, 0, 1, 0, 0, 1, 1, 1, 3, 3, 3, 1, 1, 1, 0, 1, NULL, 1, 1, 1, 1, 1, 1, 1, 3, 3, 1, 0, 1, NULL, 1, 1, 1, 1, 1, 0, 1, 0, 0, 0, 0, 0, 0, 0, 0, 0, 0, 0, 0, 0, 0, 0, 0, 0, '0000-00-00 00:00:00'),
	(1, 1, 1, 1, 1, 1, 0, 1, 1, 1, 1, 0, 1, 1, 1, 1, 1, 1, 1, 1, 1, 1, 1, NULL, 1, 1, 1, 1, 1, 1, 1, 1, 1, 1, 0, 1, NULL, 1, 1, 1, 1, 0, 1, 1, 0, 0, 0, 0, 0, 0, 0, 0, 0, 0, 0, 0, 0, 0, 0, 0, 0, '0000-00-00 00:00:00'),
	(1, 1, 3, 3, 3, 1, 1, 1, 0, 0, 0, 0, 1, 1, 1, 1, 3, 3, 1, 1, 1, 1, 1, NULL, 1, 1, 1, 1, 1, 1, 1, 1, 1, 0, 1, 1, NULL, 1, 1, 1, 1, 1, 0, 1, 0, 0, 0, 0, 0, 0, 0, 0, 0, 0, 0, 0, 0, 0, 0, 0, 0, '0000-00-00 00:00:00'),
	(3, 3, 3, 3, 3, 0, 0, 1, 0, 0, 0, 0, 0, 0, 3, 3, 3, 3, 1, 3, 3, 0, 0, NULL, 0, 0, 0, 1, 0, 0, 3, 3, 3, 3, 3, 0, NULL, 0, 0, 0, 3, 3, 3, 0, 0, 0, 0, 0, 0, 0, 0, 0, 0, 0, 0, 0, 0, 0, 0, 0, 0, '0000-00-00 00:00:00'),
	(3, 3, 3, 3, 3, 0, 1, 0, 0, 0, 0, 0, 1, 1, 1, 1, 1, 1, 1, 1, 1, 1, 1, NULL, 1, 1, 1, 1, 1, 1, 1, 1, 1, 3, 3, 1, NULL, 1, 1, 1, 1, 3, 3, 1, 0, 1, 0, 0, 0, 0, 0, 0, 0, 0, 0, 0, 0, 0, 0, 0, 0, '0000-00-00 00:00:00'),
	(1, 3, 3, 3, 3, 1, 0, 0, 0, 0, 0, 0, 1, 1, 3, 3, 1, 3, 1, 3, 1, 1, 1, NULL, 1, 1, 1, 1, 1, 1, 1, 3, 1, 0, 1, 1, NULL, 1, 1, 1, 1, 0, 1, 1, 0, 1, 0, 0, 0, 0, 0, 0, 0, 0, 0, 0, 0, 0, 0, 0, 0, '0000-00-00 00:00:00'),
	(3, 1, 3, 3, 3, 0, 0, 1, 0, 0, 0, 0, 1, 1, 3, 1, 1, 3, 0, 1, 3, 0, 0, NULL, 1, 1, 1, 1, 1, 1, 1, 3, 3, 0, 1, 1, NULL, 1, 0, 0, 3, 3, 3, 0, 0, 0, 0, 0, 0, 0, 0, 0, 0, 0, 0, 0, 0, 0, 0, 0, 0, '0000-00-00 00:00:00'),
	(1, 1, 1, 1, 1, 0, 1, 1, 1, 1, 0, 1, 1, 1, 1, 1, 1, 1, 1, 1, 1, 1, 1, NULL, 1, 1, 1, 1, 1, 1, 1, 1, 1, 0, 1, 0, NULL, 1, 1, 1, 1, 0, 1, 1, 0, 0, 0, 0, 0, 0, 0, 0, 0, 0, 0, 0, 0, 0, 0, 0, 0, '0000-00-00 00:00:00'),
	(1, 1, 3, 3, 1, 0, 1, 1, 0, 0, 1, 0, 1, 1, 1, 1, 1, 3, 1, 1, 3, 1, 0, NULL, 1, 1, 1, 1, 1, 1, 1, 3, 1, 1, 0, 1, NULL, 1, 1, 1, 1, 0, 1, 1, 0, 0, 0, 0, 0, 0, 0, 0, 0, 0, 0, 0, 0, 0, 0, 0, 0, '0000-00-00 00:00:00'),
	(3, 3, 3, 3, 1, 0, 1, 1, 1, 0, 1, 0, 0, 1, 1, 3, 3, 3, 1, 3, 3, 1, 0, NULL, 1, 1, 1, 1, 1, 0, 3, 3, 1, 0, 1, 0, NULL, 0, 1, 0, 3, 0, 1, 0, 0, 0, 0, 0, 0, 0, 0, 0, 0, 0, 0, 0, 0, 0, 0, 0, 0, '0000-00-00 00:00:00'),
	(3, 3, 3, 3, 1, 1, 1, 0, 1, 0, 1, 0, 0, 0, 1, 3, 3, 1, 1, 3, 3, 1, 0, NULL, 1, 1, 0, 0, 1, 1, 3, 3, 1, 2, 2, 0, NULL, 0, 1, 0, 3, 3, 3, 0, 0, 0, 0, 0, 0, 0, 0, 0, 0, 0, 0, 0, 0, 0, 0, 0, 0, '0000-00-00 00:00:00'),
	(1, 1, 3, 3, 1, 0, 1, 1, 1, 1, 1, 0, 1, 1, 1, 1, 3, 3, 1, 3, 3, 1, 0, NULL, 1, 1, 1, 1, 1, 1, 1, 3, 1, 1, 0, 1, NULL, 0, 1, 1, 1, 0, 1, 1, 0, 0, 0, 0, 0, 0, 0, 0, 0, 0, 0, 0, 0, 0, 0, 0, 0, '0000-00-00 00:00:00'),
	(1, 1, 3, 1, 1, 0, 1, 1, 1, 0, 1, 1, 1, 1, 1, 1, 1, 1, 1, 1, 1, 1, 1, NULL, 1, 1, 1, 0, 1, 1, 1, 1, 1, 1, 0, 1, NULL, 1, 1, 1, 1, 1, 0, 1, 0, 1, 0, 0, 0, 0, 0, 0, 0, 0, 0, 0, 0, 0, 0, 0, 0, '0000-00-00 00:00:00'),
	(1, 1, 1, 1, 1, 0, 1, 1, 1, 1, 1, 0, 1, 1, 1, 1, 1, 1, 1, 1, 3, 1, 1, NULL, 1, 1, 1, 1, 1, 1, 1, 1, 1, 1, 0, 1, NULL, 1, 1, 1, 1, 0, 1, 1, 0, 1, 0, 0, 0, 0, 0, 0, 0, 0, 0, 0, 0, 0, 0, 0, 0, '0000-00-00 00:00:00'),
	(1, 1, 1, 1, 1, 0, 0, 1, 0, 1, 1, 1, 1, 1, 1, 1, 1, 1, 1, 1, 1, 1, 1, NULL, 1, 1, 1, 1, 1, 1, 1, 1, 1, 1, 0, 1, NULL, 1, 1, 1, 1, 1, 0, 1, 0, 0, 0, 0, 0, 0, 0, 0, 0, 0, 0, 0, 0, 0, 0, 0, 0, '0000-00-00 00:00:00'),
	(3, 3, 3, 3, 1, 0, 0, 0, 0, 0, 1, 0, 1, 1, 3, 3, 3, 3, 1, 3, 1, 1, 0, NULL, 0, 0, 1, 1, 1, 0, 3, 3, 3, 0, 1, 0, NULL, 0, 1, 0, 3, 0, 1, 0, 0, 0, 0, 0, 0, 0, 0, 0, 0, 0, 0, 0, 0, 0, 0, 0, 0, '0000-00-00 00:00:00'),
	(1, 1, 3, 1, 3, 0, 1, 1, 1, 1, 1, 0, 0, 1, 3, 1, 1, 3, 0, 1, 1, 0, 1, NULL, 1, 1, 0, 0, 0, 1, 1, 1, 1, 1, 0, 1, NULL, 0, 0, 1, 1, 1, 0, 1, 0, 0, 0, 0, 0, 0, 0, 0, 0, 0, 0, 0, 0, 0, 0, 0, 0, '0000-00-00 00:00:00'),
	(1, 1, 1, 1, 1, 0, 1, 1, 0, 1, 1, 0, 1, 1, 1, 1, 3, 1, 1, 1, 1, 1, 1, NULL, 1, 1, 1, 1, 1, 1, 1, 1, 1, 2, 2, 1, NULL, 1, 1, 1, 1, 0, 1, 1, 0, 0, 0, 0, 0, 0, 0, 0, 0, 0, 0, 0, 0, 0, 0, 0, 0, '0000-00-00 00:00:00'),
	(1, 1, 1, 1, 1, 0, 1, 1, 0, 0, 1, 0, 1, 1, 1, 1, 1, 1, 1, 1, 3, 1, 1, NULL, 1, 1, 1, 1, 1, 1, 3, 1, 3, 1, 0, 1, NULL, 1, 1, 1, 1, 0, 1, 1, 0, 0, 0, 0, 0, 0, 0, 0, 0, 0, 0, 0, 0, 0, 0, 0, 0, '0000-00-00 00:00:00'),
	(1, 1, 3, 3, 1, 0, 1, 1, 0, 0, 1, 0, 0, 1, 1, 3, 3, 3, 0, 1, 3, 1, 1, NULL, 1, 1, 1, 1, 1, 1, 1, 1, 3, 1, 0, 0, NULL, 0, 1, 0, 3, 0, 1, 1, 0, 0, 0, 0, 0, 0, 0, 0, 0, 0, 0, 0, 0, 0, 0, 0, 0, '0000-00-00 00:00:00'),
	(3, 3, 3, 3, 3, 0, 1, 1, 0, 0, 1, 0, 1, 1, 1, 3, 3, 3, 1, 1, 3, 1, 1, NULL, 1, 1, 1, 1, 1, 1, 3, 3, 1, 0, 1, 1, NULL, 1, 1, 1, 1, 0, 1, 1, 0, 0, 0, 0, 0, 0, 0, 0, 0, 0, 0, 0, 0, 0, 0, 0, 0, '0000-00-00 00:00:00'),
	(3, 3, 1, 3, 3, 0, 1, 1, 0, 0, 1, 0, 1, 1, 1, 1, 1, 1, 1, 1, 1, 1, 1, NULL, 1, 1, 1, 1, 1, 1, 1, 1, 1, 1, 0, 1, NULL, 1, 1, 1, 1, 0, 1, 1, 0, 0, 0, 0, 0, 0, 0, 0, 0, 0, 0, 0, 0, 0, 0, 0, 0, '0000-00-00 00:00:00'),
	(1, 1, 1, 1, 1, 0, 1, 1, 0, 0, 1, 0, 1, 1, 1, 1, 1, 1, 1, 1, 1, 0, 0, NULL, 1, 1, 0, 0, 0, 0, 3, 3, 3, 0, 1, 0, NULL, 1, 1, 0, 3, 0, 1, 0, 0, 0, 0, 0, 0, 0, 0, 0, 0, 0, 0, 0, 0, 0, 0, 0, 0, '0000-00-00 00:00:00'),
	(1, 1, 1, 1, 1, 0, 1, 1, 1, 1, 1, 0, 1, 1, 1, 1, 3, 1, 1, 1, 1, 1, 1, NULL, 1, 1, 1, 1, 1, 1, 1, 1, 1, 1, 0, 1, NULL, 1, 1, 1, 1, 0, 1, 1, 0, 0, 0, 0, 0, 0, 0, 0, 0, 0, 0, 0, 0, 0, 0, 0, 0, '0000-00-00 00:00:00'),
	(3, 3, 3, 3, 1, 0, 0, 0, 0, 0, 1, 0, 1, 1, 3, 1, 3, 3, 1, 1, 1, 1, 1, NULL, 1, 1, 1, 1, 1, 1, 1, 1, 1, 1, 0, 1, NULL, 1, 1, 1, 1, 1, 0, 1, 0, 0, 0, 0, 0, 0, 0, 0, 0, 0, 0, 0, 0, 0, 0, 0, 0, '0000-00-00 00:00:00'),
	(3, 3, 3, 3, 3, 0, 1, 1, 0, 0, 1, 0, 1, 1, 1, 1, 1, 1, 1, 3, 1, 1, 1, NULL, 1, 1, 1, 1, 1, 1, 1, 1, 1, 1, 0, 1, NULL, 1, 1, 1, 1, 0, 1, 1, 0, 0, 0, 0, 0, 0, 0, 0, 0, 0, 0, 0, 0, 0, 0, 0, 0, '0000-00-00 00:00:00'),
	(1, 1, 1, 1, 1, 0, 1, 0, 0, 1, 1, 0, 1, 1, 1, 1, 1, 1, 1, 1, 1, 1, 1, NULL, 1, 1, 1, 1, 0, 1, 1, 1, 3, 2, 2, 1, NULL, 1, 1, 1, 1, 2, 2, 1, 0, 0, 0, 0, 0, 0, 0, 0, 0, 0, 0, 0, 0, 0, 0, 0, 0, '0000-00-00 00:00:00'),
	(1, 3, 1, 1, 1, 0, 1, 1, 1, 1, 1, 0, 1, 1, 1, 1, 1, 1, 1, 1, 1, 1, 1, NULL, 1, 1, 1, 1, 1, 1, 1, 1, 1, 1, 0, 1, NULL, 1, 1, 1, 1, 0, 1, 1, 0, 0, 0, 0, 0, 0, 0, 0, 0, 0, 0, 0, 0, 0, 0, 0, 0, '0000-00-00 00:00:00'),
	(1, 1, 1, 1, 1, 0, 0, 0, 1, 0, 0, 0, 1, 1, 1, 1, 1, 1, 1, 1, 1, 1, 1, NULL, 1, 1, 1, 1, 1, 1, 1, 1, 1, 1, 0, 1, NULL, 1, 1, 1, 1, 0, 1, 1, 0, 0, 0, 0, 0, 0, 0, 0, 0, 0, 0, 0, 0, 0, 0, 0, 0, '0000-00-00 00:00:00'),
	(1, 1, 1, 1, 1, 0, 1, 1, 1, 0, 0, 0, 1, 1, 1, 1, 1, 1, 1, 1, 1, 1, 1, NULL, 1, 1, 1, 1, 1, 1, 1, 1, 1, 0, 1, 1, NULL, 1, 1, 1, 1, 0, 1, 1, 0, 0, 0, 0, 0, 0, 0, 0, 0, 0, 0, 0, 0, 0, 0, 0, 0, '0000-00-00 00:00:00'),
	(3, 3, 3, 1, 1, 0, 1, 1, 0, 0, 1, 0, 1, 1, 1, 3, 3, 3, 1, 1, 3, 1, 1, NULL, 1, 1, 1, 1, 1, 1, 1, 3, 1, 0, 1, 1, NULL, 1, 0, 0, 1, 0, 1, 1, 0, 0, 0, 0, 0, 0, 0, 0, 0, 0, 0, 0, 0, 0, 0, 0, 0, '0000-00-00 00:00:00'),
	(1, 1, 1, 1, 1, 0, 0, 0, 1, 0, 0, 0, 1, 1, 1, 1, 1, 1, 1, 1, 1, 1, 1, NULL, 1, 1, 1, 1, 1, 1, 1, 1, 1, 0, 1, 1, NULL, 1, 1, 1, 1, 0, 1, 1, 0, 0, 0, 0, 0, 0, 0, 0, 0, 0, 0, 0, 0, 0, 0, 0, 0, '0000-00-00 00:00:00'),
	(1, 1, 1, 1, 1, 0, 1, 1, 0, 1, 1, 1, 1, 1, 1, 1, 1, 1, 1, 1, 1, 1, 1, NULL, 1, 1, 1, 1, 1, 1, 1, 1, 1, 0, 1, 0, NULL, 1, 1, 0, 1, 0, 1, 0, 0, 0, 0, 0, 0, 0, 0, 0, 0, 0, 0, 0, 0, 0, 0, 0, 0, '0000-00-00 00:00:00'),
	(1, 1, 1, 1, 1, 0, 0, 0, 1, 0, 0, 0, 1, 1, 1, 1, 1, 1, 1, 1, 1, 1, 1, NULL, 1, 1, 1, 1, 1, 1, 1, 1, 1, 0, 1, 1, NULL, 1, 0, 1, 1, 0, 1, 1, 0, 0, 0, 0, 0, 0, 0, 0, 0, 0, 0, 0, 0, 0, 0, 0, 0, '0000-00-00 00:00:00'),
	(1, 1, 1, 1, 1, 0, 0, 0, 1, 0, 0, 0, 1, 1, 1, 1, 1, 1, 1, 1, 1, 1, 1, NULL, 1, 1, 1, 1, 1, 1, 1, 1, 1, 0, 1, 1, NULL, 1, 1, 1, 1, 0, 1, 1, 0, 1, 0, 0, 0, 0, 0, 0, 0, 0, 0, 0, 0, 0, 0, 0, 0, '0000-00-00 00:00:00'),
	(3, 3, 3, 3, 1, 0, 0, 0, 0, 0, 1, 0, 1, 1, 3, 3, 3, 3, 1, 1, 3, 1, 0, NULL, 1, 0, 1, 1, 1, 0, 3, 3, 1, 0, 1, 0, NULL, 0, 1, 0, 3, 3, 3, 0, 0, 0, 0, 0, 0, 0, 0, 0, 0, 0, 0, 0, 0, 0, 0, 0, 0, '0000-00-00 00:00:00'),
	(3, 3, 3, 3, 1, 0, 0, 0, 0, 0, 1, 0, 0, 1, 1, 3, 3, 3, 0, 3, 3, 1, 0, NULL, 1, 0, 1, 0, 0, 0, 3, 3, 1, 3, 3, 0, NULL, 0, 1, 0, 3, 0, 1, 0, 0, 0, 0, 0, 0, 0, 0, 0, 0, 0, 0, 0, 0, 0, 0, 0, 0, '0000-00-00 00:00:00'),
	(3, 3, 1, 3, 3, 1, 1, 0, 1, 0, 0, 1, 1, 1, 3, 3, 1, 3, 1, 1, 3, 1, 1, NULL, 1, 1, 1, 1, 1, 1, 3, 1, 3, 0, 1, 1, NULL, 1, 1, 1, 1, 1, 0, 1, 0, 0, 0, 0, 0, 0, 0, 0, 0, 0, 0, 0, 0, 0, 0, 0, 0, '0000-00-00 00:00:00'),
	(1, 3, 3, 3, 1, 0, 0, 1, 0, 1, 1, 0, 1, 1, 1, 1, 3, 3, 1, 1, 1, 1, 1, NULL, 1, 0, 1, 1, 1, 0, 3, 3, 1, 0, 1, 1, NULL, 1, 1, 1, 3, 0, 1, 1, 0, 0, 0, 0, 0, 0, 0, 0, 0, 0, 0, 0, 0, 0, 0, 0, 0, '0000-00-00 00:00:00'),
	(3, 3, 3, 3, 1, 0, 0, 1, 0, 0, 1, 0, 0, 1, 1, 3, 3, 3, 1, 3, 3, 1, 0, NULL, 1, 0, 1, 1, 1, 0, 3, 3, 1, 0, 1, 0, NULL, 0, 1, 0, 3, 0, 1, 0, 0, 0, 0, 0, 0, 0, 0, 0, 0, 0, 0, 0, 0, 0, 0, 0, 0, '0000-00-00 00:00:00'),
	(3, 3, 3, 3, 1, 0, 0, 0, 0, 0, 1, 0, 0, 1, 1, 3, 3, 3, 1, 3, 3, 0, 0, NULL, 1, 0, 1, 1, 1, 0, 3, 3, 1, 3, 3, 0, NULL, 0, 0, 0, 3, 3, 3, 0, 0, 0, 0, 0, 0, 0, 0, 0, 0, 0, 0, 0, 0, 0, 0, 0, 0, '0000-00-00 00:00:00'),
	(1, 3, 3, 3, 1, 0, 0, 1, 0, 1, 1, 0, 0, 0, 1, 1, 3, 3, 1, 3, 1, 1, 1, NULL, 1, 0, 1, 1, 1, 1, 3, 3, 1, 0, 1, 0, NULL, 0, 1, 1, 3, 0, 1, 1, 0, 0, 0, 0, 0, 0, 0, 0, 0, 0, 0, 0, 0, 0, 0, 0, 0, '0000-00-00 00:00:00'),
	(1, 3, 3, 3, 1, 0, 0, 1, 0, 1, 1, 0, 0, 1, 1, 3, 3, 3, 1, 3, 1, 1, 1, NULL, 1, 1, 1, 1, 1, 0, 3, 3, 1, 0, 1, 1, NULL, 1, 1, 1, 3, 0, 1, 1, 0, 0, 0, 0, 0, 0, 0, 0, 0, 0, 0, 0, 0, 0, 0, 0, 0, '0000-00-00 00:00:00'),
	(3, 3, 3, 3, 1, 0, 0, 1, 0, 1, 1, 0, 1, 0, 3, 1, 1, 1, 1, 1, 1, 1, 1, NULL, 1, 1, 1, 1, 1, 1, 3, 3, 1, 0, 1, 1, NULL, 1, 1, 1, 1, 2, 2, 1, 0, 0, 0, 0, 0, 0, 0, 0, 0, 0, 0, 0, 0, 0, 0, 0, 0, '0000-00-00 00:00:00'),
	(1, 3, 3, 3, 1, 0, 0, 1, 0, 1, 1, 0, 0, 1, 1, 1, 3, 3, 1, 3, 1, 1, 1, NULL, 1, 1, 1, 1, 1, 1, 3, 3, 1, 0, 1, 1, NULL, 1, 1, 1, 1, 0, 1, 1, 0, 0, 0, 0, 0, 0, 0, 0, 0, 0, 0, 0, 0, 0, 0, 0, 0, '0000-00-00 00:00:00'),
	(3, 3, 3, 3, 1, 0, 0, 0, 0, 0, 1, 0, 0, 1, 1, 3, 3, 3, 1, 3, 3, 1, 0, NULL, 1, 0, 1, 1, 1, 0, 3, 3, 1, 0, 1, 0, NULL, 0, 1, 0, 3, 0, 1, 0, 0, 0, 0, 0, 0, 0, 0, 0, 0, 0, 0, 0, 0, 0, 0, 0, 0, '0000-00-00 00:00:00'),
	(1, 3, 3, 3, 1, 0, 0, 1, 0, 0, 1, 0, 1, 1, 1, 1, 3, 1, 1, 1, 1, 1, 1, NULL, 1, 1, 1, 1, 1, 1, 3, 1, 1, 0, 1, 1, NULL, 1, 1, 1, 1, 0, 1, 1, 0, 0, 0, 0, 0, 0, 0, 0, 0, 0, 0, 0, 0, 0, 0, 0, 0, '0000-00-00 00:00:00'),
	(1, 3, 3, 3, 1, 0, 0, 1, 0, 1, 1, 0, 1, 1, 1, 1, 3, 3, 1, 3, 1, 1, 1, NULL, 1, 1, 1, 1, 1, 1, 3, 3, 1, 1, 0, 1, NULL, 1, 1, 1, 1, 0, 1, 1, 0, 1, 0, 0, 0, 0, 0, 0, 0, 0, 0, 0, 0, 0, 0, 0, 0, '0000-00-00 00:00:00'),
	(1, 3, 3, 3, 1, 0, 0, 1, 0, 1, 1, 0, 1, 1, 1, 1, 3, 3, 1, 3, 1, 1, 1, NULL, 1, 1, 1, 1, 1, 1, 3, 3, 1, 0, 1, 1, NULL, 1, 1, 1, 1, 0, 1, 1, 0, 1, 0, 0, 0, 0, 0, 0, 0, 0, 0, 0, 0, 0, 0, 0, 0, '0000-00-00 00:00:00'),
	(1, 3, 3, 3, 1, 0, 0, 1, 0, 1, 1, 0, 0, 1, 1, 1, 3, 3, 1, 3, 1, 1, 1, NULL, 1, 0, 1, 1, 1, 0, 3, 3, 1, 0, 1, 1, NULL, 1, 1, 1, 3, 0, 1, 1, 0, 0, 0, 0, 0, 0, 0, 0, 0, 0, 0, 0, 0, 0, 0, 0, 0, '0000-00-00 00:00:00'),
	(1, 3, 3, 3, 1, 0, 0, 1, 0, 1, 1, 0, 1, 1, 1, 1, 3, 3, 1, 3, 1, 1, 1, NULL, 1, 1, 1, 1, 1, 1, 3, 3, 1, 0, 1, 1, NULL, 1, 1, 1, 1, 0, 1, 1, 0, 0, 0, 0, 0, 0, 0, 0, 0, 0, 0, 0, 0, 0, 0, 0, 0, '0000-00-00 00:00:00'),
	(1, 3, 3, 3, 1, 0, 0, 1, 0, 1, 1, 0, 1, 1, 1, 1, 3, 3, 1, 1, 1, 1, 1, NULL, 1, 1, 1, 1, 1, 1, 1, 1, 1, 0, 1, 1, NULL, 1, 1, 1, 1, 0, 1, 1, 0, 0, 0, 0, 0, 0, 0, 0, 0, 0, 0, 0, 0, 0, 0, 0, 0, '0000-00-00 00:00:00'),
	(1, 3, 3, 3, 3, 1, 0, 1, 0, 0, 0, 0, 1, 1, 1, 3, 3, 3, 1, 1, 3, 1, 1, NULL, 1, 1, 1, 0, 0, 1, 3, 3, 1, 0, 1, 1, NULL, 1, 1, 1, 1, 0, 1, 1, 0, 0, 0, 0, 0, 0, 0, 0, 0, 0, 0, 0, 0, 0, 0, 0, 0, '0000-00-00 00:00:00'),
	(1, 3, 3, 3, 1, 0, 0, 1, 0, 1, 1, 0, 0, 1, 1, 1, 3, 3, 1, 3, 1, 1, 1, NULL, 1, 0, 1, 1, 1, 0, 3, 3, 1, 0, 1, 1, NULL, 1, 1, 1, 3, 0, 1, 1, 0, 0, 0, 0, 0, 0, 0, 0, 0, 0, 0, 0, 0, 0, 0, 0, 0, '0000-00-00 00:00:00'),
	(1, 3, 3, 3, 1, 0, 0, 1, 0, 1, 1, 0, 1, 1, 1, 1, 3, 3, 1, 1, 1, 1, 1, NULL, 1, 1, 1, 1, 1, 1, 3, 3, 1, 0, 1, 1, NULL, 1, 1, 1, 1, 0, 1, 1, 0, 0, 0, 0, 0, 0, 0, 0, 0, 0, 0, 0, 0, 0, 0, 0, 0, '0000-00-00 00:00:00'),
	(1, 3, 3, 3, 1, 0, 0, 1, 0, 1, 1, 0, 1, 1, 1, 1, 3, 3, 1, 3, 1, 1, 1, NULL, 1, 1, 1, 1, 1, 1, 3, 3, 1, 0, 1, 1, NULL, 1, 1, 1, 1, 0, 1, 1, 0, 0, 0, 0, 0, 0, 0, 0, 0, 0, 0, 0, 0, 0, 0, 0, 0, '0000-00-00 00:00:00'),
	(1, 3, 3, 3, 1, 0, 0, 1, 0, 1, 1, 0, 0, 1, 1, 1, 3, 3, 1, 3, 1, 1, 1, NULL, 1, 1, 1, 1, 1, 0, 3, 3, 1, 0, 1, 1, NULL, 1, 1, 1, 1, 0, 1, 1, 0, 0, 0, 0, 0, 0, 0, 0, 0, 0, 0, 0, 0, 0, 0, 0, 0, '0000-00-00 00:00:00'),
	(1, 3, 3, 3, 1, 0, 0, 1, 0, 1, 1, 0, 1, 1, 1, 1, 3, 3, 1, 1, 1, 1, 1, NULL, 1, 1, 1, 1, 1, 1, 3, 3, 1, 0, 1, 1, NULL, 1, 1, 1, 1, 0, 1, 1, 0, 0, 0, 0, 0, 0, 0, 0, 0, 0, 0, 0, 0, 0, 0, 0, 0, '0000-00-00 00:00:00'),
	(1, 1, 1, 1, 1, 1, 1, 1, 0, 1, 0, 1, 1, 1, 1, 1, 1, 1, 1, 1, 1, 1, 1, NULL, 1, 1, 1, 1, 1, 1, 1, 1, 1, 1, 0, 1, NULL, 1, 1, 1, 1, 1, 0, 1, 0, 0, 0, 0, 0, 0, 0, 0, 0, 0, 0, 0, 0, 0, 0, 0, 0, '0000-00-00 00:00:00'),
	(1, 3, 3, 3, 1, 0, 0, 1, 0, 1, 1, 0, 0, 1, 1, 1, 3, 3, 1, 3, 1, 1, 1, NULL, 1, 0, 1, 1, 1, 0, 3, 3, 1, 0, 1, 1, NULL, 1, 1, 1, 3, 0, 1, 1, 0, 0, 0, 0, 0, 0, 0, 0, 0, 0, 0, 0, 0, 0, 0, 0, 0, '0000-00-00 00:00:00'),
	(1, 3, 3, 3, 1, 0, 0, 1, 0, 1, 1, 0, 1, 1, 1, 1, 3, 3, 1, 3, 1, 1, 1, NULL, 1, 1, 1, 1, 1, 1, 3, 3, 1, 0, 1, 1, NULL, 1, 1, 1, 1, 0, 1, 1, 0, 0, 0, 0, 0, 0, 0, 0, 0, 0, 0, 0, 0, 0, 0, 0, 0, '0000-00-00 00:00:00'),
	(1, 3, 3, 3, 1, 0, 0, 1, 0, 1, 1, 0, 1, 1, 1, 1, 3, 3, 1, 3, 1, 1, 1, NULL, 1, 1, 1, 1, 1, 1, 3, 3, 1, 0, 1, 1, NULL, 1, 1, 1, 1, 0, 1, 1, 0, 0, 0, 0, 0, 0, 0, 0, 0, 0, 0, 0, 0, 0, 0, 0, 0, '0000-00-00 00:00:00'),
	(3, 3, 3, 3, 1, 0, 0, 0, 0, 0, 1, 0, 1, 1, 1, 3, 3, 3, 1, 3, 1, 1, 1, NULL, 1, 1, 1, 1, 1, 1, 3, 3, 1, 0, 1, 1, NULL, 1, 1, 1, 1, 0, 1, 1, 0, 0, 0, 0, 0, 0, 0, 0, 0, 0, 0, 0, 0, 0, 0, 0, 0, '0000-00-00 00:00:00'),
	(1, 1, 3, 3, 1, 0, 1, 1, 0, 0, 1, 0, 1, 1, 1, 1, 3, 3, 1, 1, 1, 1, 0, NULL, 1, 1, 1, 1, 1, 1, 3, 3, 1, 0, 1, 1, NULL, 1, 1, 1, 1, 0, 1, 1, 0, 0, 0, 0, 0, 0, 0, 0, 0, 0, 0, 0, 0, 0, 0, 0, 0, '0000-00-00 00:00:00'),
	(1, 3, 3, 3, 1, 0, 0, 1, 0, 1, 1, 0, 1, 1, 1, 1, 3, 3, 1, 3, 1, 1, 1, NULL, 1, 1, 1, 1, 1, 1, 3, 3, 1, 0, 1, 1, NULL, 1, 1, 1, 1, 1, 0, 1, 0, 0, 0, 0, 0, 0, 0, 0, 0, 0, 0, 0, 0, 0, 0, 0, 0, '0000-00-00 00:00:00'),
	(3, 3, 3, 3, 1, 1, 1, 0, 0, 0, 1, 0, 1, 1, 1, 3, 3, 3, 1, 3, 1, 1, 1, NULL, 1, 1, 1, 1, 1, 1, 3, 3, 1, 0, 1, 1, NULL, 1, 1, 1, 1, 2, 2, 0, 0, 0, 0, 0, 0, 0, 0, 0, 0, 0, 0, 0, 0, 0, 0, 0, 0, '0000-00-00 00:00:00'),
	(1, 1, 1, 1, 1, 0, 0, 0, 0, 0, 1, 0, 1, 1, 1, 1, 1, 1, 1, 1, 1, 1, 1, NULL, 1, 1, 1, 1, 1, 1, 1, 1, 1, 0, 1, 1, NULL, 1, 1, 1, 1, 0, 1, 0, 0, 0, 0, 0, 0, 0, 0, 0, 0, 0, 0, 0, 0, 0, 0, 0, 0, '0000-00-00 00:00:00'),
	(3, 3, 3, 1, 3, 0, 1, 0, 1, 0, 1, 0, 1, 1, 1, 3, 3, 3, 1, 1, 1, 1, 1, NULL, 1, 1, 1, 1, 1, 1, 3, 3, 1, 1, 0, 0, NULL, 1, 1, 0, 1, 0, 1, 1, 0, 0, 0, 0, 0, 0, 0, 0, 0, 0, 0, 0, 0, 0, 0, 0, 0, '0000-00-00 00:00:00'),
	(1, 1, 3, 3, 1, 0, 0, 1, 0, 1, 1, 1, 1, 1, 1, 1, 3, 3, 1, 3, 1, 1, 1, NULL, 1, 0, 1, 1, 1, 1, 1, 3, 1, 0, 1, 1, NULL, 1, 1, 1, 3, 0, 1, 1, 0, 0, 0, 0, 0, 0, 0, 0, 0, 0, 0, 0, 0, 0, 0, 0, 0, '0000-00-00 00:00:00'),
	(3, 1, 1, 1, 1, 1, 1, 1, 1, 0, 0, 1, 1, 1, 1, 1, 1, 1, 1, 1, 1, 1, 1, NULL, 1, 1, 1, 1, 1, 1, 1, 1, 1, 1, 0, 1, NULL, 1, 1, 1, 1, 1, 0, 1, 0, 0, 0, 0, 0, 0, 0, 0, 0, 0, 0, 0, 0, 0, 0, 0, 0, '0000-00-00 00:00:00'),
	(1, 1, 1, 1, 1, 1, 1, 1, 1, 0, 0, 1, 1, 1, 1, 1, 1, 1, 1, 1, 1, 1, 1, NULL, 1, 1, 1, 1, 1, 0, 1, 1, 1, 1, 0, 1, NULL, 1, 1, 1, 1, 0, 1, 1, 0, 0, 0, 0, 0, 0, 0, 0, 0, 0, 0, 0, 0, 0, 0, 0, 0, '0000-00-00 00:00:00'),
	(1, 3, 3, 3, 1, 0, 0, 1, 0, 1, 1, 0, 0, 1, 1, 1, 1, 3, 1, 3, 1, 1, 1, NULL, 1, 0, 1, 1, 1, 0, 3, 3, 1, 0, 1, 1, NULL, 1, 1, 1, 3, 0, 1, 1, 0, 0, 0, 0, 0, 0, 0, 0, 0, 0, 0, 0, 0, 0, 0, 0, 0, '0000-00-00 00:00:00'),
	(1, 1, 1, 1, 1, 0, 1, 1, 1, 0, 1, 1, 1, 1, 1, 1, 1, 1, 1, 1, 1, 1, 1, NULL, 1, 1, 1, 1, 1, 1, 1, 1, 1, 1, 0, 1, NULL, 1, 1, 1, 1, 2, 2, 1, 0, 0, 0, 0, 0, 0, 0, 0, 0, 0, 0, 0, 0, 0, 0, 0, 0, '0000-00-00 00:00:00'),
	(1, 1, 1, 1, 1, 1, 1, 0, 1, 0, 1, 1, 1, 1, 1, 1, 1, 1, 1, 1, 1, 1, 1, NULL, 1, 1, 1, 1, 1, 1, 1, 1, 1, 0, 1, 1, NULL, 1, 1, 1, 1, 0, 1, 1, 0, 0, 0, 0, 0, 0, 0, 0, 0, 0, 0, 0, 0, 0, 0, 0, 0, '0000-00-00 00:00:00'),
	(1, 1, 1, 1, 1, 1, 1, 0, 1, 0, 1, 1, 1, 1, 1, 1, 1, 1, 1, 1, 1, 1, 1, NULL, 1, 1, 1, 1, 1, 1, 1, 1, 1, 1, 0, 1, NULL, 1, 1, 1, 1, 0, 1, 1, 0, 1, 0, 0, 0, 0, 0, 0, 0, 0, 0, 0, 0, 0, 0, 0, 0, '0000-00-00 00:00:00'),
	(1, 1, 1, 1, 1, 1, 1, 0, 1, 0, 1, 1, 1, 1, 1, 1, 1, 1, 1, 1, 1, 1, 1, NULL, 1, 1, 1, 1, 1, 1, 1, 1, 1, 0, 1, 1, NULL, 1, 1, 1, 1, 0, 1, 1, 0, 1, 0, 0, 0, 0, 0, 0, 0, 0, 0, 0, 0, 0, 0, 0, 0, '0000-00-00 00:00:00'),
	(1, 1, 1, 1, 1, 0, 1, 1, 1, 0, 1, 1, 1, 1, 1, 1, 1, 1, 1, 1, 1, 1, 1, NULL, 1, 1, 1, 1, 1, 1, 1, 1, 1, 0, 1, 1, NULL, 1, 1, 1, 1, 0, 1, 1, 0, 1, 0, 0, 0, 0, 0, 0, 0, 0, 0, 0, 0, 0, 0, 0, 0, '0000-00-00 00:00:00'),
	(1, 1, 1, 1, 3, 2, 2, 2, 2, 2, 2, 2, 0, 1, 1, 1, 1, 3, 0, 1, 1, 1, 1, NULL, 1, 1, 0, 0, 1, 1, 1, 1, 1, 3, 3, 0, NULL, 1, 1, 1, 1, 2, 2, 0, 0, 1, 0, 0, 0, 0, 0, 0, 0, 0, 0, 0, 0, 0, 0, 0, 0, '0000-00-00 00:00:00'),
	(3, 3, 1, 1, 3, 1, 0, 0, 1, 0, 0, 0, 0, 0, 3, 3, 3, 1, 1, 3, 3, 1, 1, NULL, 1, 1, 1, 1, 1, 1, 3, 3, 3, 0, 1, 1, NULL, 0, 0, 1, 1, 1, 0, 1, 0, 1, 0, 0, 0, 0, 0, 0, 0, 0, 0, 0, 0, 0, 0, 0, 0, '0000-00-00 00:00:00'),
	(1, 1, 1, 1, 1, 1, 1, 0, 1, 0, 1, 1, 0, 1, 1, 1, 3, 1, 0, 1, 1, 1, 1, NULL, 1, 1, 1, 1, 1, 1, 1, 1, 1, 1, 0, 1, NULL, 1, 1, 1, 1, 1, 0, 1, 0, 0, 0, 0, 0, 0, 0, 0, 0, 0, 0, 0, 0, 0, 0, 0, 0, '0000-00-00 00:00:00'),
	(1, 1, 1, 1, 1, 1, 1, 0, 1, 1, 0, 1, 1, 1, 1, 1, 1, 1, 1, 1, 1, 1, 1, NULL, 1, 1, 1, 1, 1, 1, 1, 1, 1, 2, 2, 1, NULL, 1, 1, 1, 1, 1, 0, 1, 0, 0, 0, 0, 0, 0, 0, 0, 0, 0, 0, 0, 0, 0, 0, 0, 0, '0000-00-00 00:00:00'),
	(3, 1, 3, 3, 3, 1, 0, 0, 0, 0, 0, 0, 0, 0, 3, 3, 3, 3, 0, 3, 3, 0, 0, NULL, 0, 0, 0, 0, 0, 0, 1, 3, 3, 3, 3, 0, NULL, 0, 0, 0, 3, 3, 3, 0, 0, 0, 0, 0, 0, 0, 0, 0, 0, 0, 0, 0, 0, 0, 0, 0, 0, '0000-00-00 00:00:00'),
	(3, 1, 3, 3, 3, 1, 0, 0, 0, 0, 0, 0, 0, 1, 3, 3, 3, 3, 0, 3, 1, 0, 0, NULL, 0, 0, 0, 0, 0, 0, 1, 3, 3, 3, 3, 0, NULL, 0, 1, 0, 3, 0, 1, 0, 0, 0, 0, 0, 0, 0, 0, 0, 0, 0, 0, 0, 0, 0, 0, 0, 0, '0000-00-00 00:00:00'),
	(1, 1, 1, 1, 1, 1, 1, 1, 1, 0, 1, 0, 1, 1, 1, 1, 1, 1, 1, 1, 1, 1, 1, NULL, 1, 1, 1, 1, 1, 1, 1, 3, 3, 2, 2, 1, NULL, 1, 1, 1, 1, 0, 1, 1, 0, 1, 0, 0, 0, 0, 0, 0, 0, 0, 0, 0, 0, 0, 0, 0, 0, '0000-00-00 00:00:00'),
	(1, 1, 1, 1, 1, 1, 1, 1, 1, 0, 0, 1, 1, 1, 1, 1, 1, 1, 1, 1, 1, 1, 1, NULL, 1, 1, 1, 1, 1, 1, 1, 1, 1, 1, 0, 1, NULL, 1, 1, 1, 1, 1, 0, 1, 0, 0, 0, 0, 0, 0, 0, 0, 0, 0, 0, 0, 0, 0, 0, 0, 0, '0000-00-00 00:00:00'),
	(1, 1, 1, 1, 1, 1, 1, 0, 0, 1, 1, 1, 1, 1, 1, 1, 1, 1, 1, 1, 1, 1, 1, NULL, 1, 1, 1, 1, 1, 1, 1, 1, 1, 0, 1, 1, NULL, 1, 1, 1, 1, 0, 1, 1, 0, 1, 0, 0, 0, 0, 0, 0, 0, 0, 0, 0, 0, 0, 0, 0, 0, '0000-00-00 00:00:00'),
	(3, 1, 1, 3, 1, 1, 0, 0, 0, 0, 1, 0, 0, 0, 3, 3, 3, 3, 0, 1, 1, 1, 0, NULL, 0, 0, 0, 0, 0, 1, 1, 3, 3, 0, 1, 0, NULL, 0, 0, 0, 3, 0, 1, 0, 0, 0, 0, 0, 0, 0, 0, 0, 0, 0, 0, 0, 0, 0, 0, 0, 0, '0000-00-00 00:00:00'),
	(3, 1, 3, 3, 3, 1, 0, 0, 0, 0, 0, 0, 1, 1, 3, 3, 1, 3, 0, 1, 3, 0, 0, NULL, 1, 1, 0, 1, 0, 0, 1, 3, 3, 1, 0, 0, NULL, 0, 0, 0, 3, 3, 3, 0, 0, 0, 0, 0, 0, 0, 0, 0, 0, 0, 0, 0, 0, 0, 0, 0, 0, '0000-00-00 00:00:00'),
	(3, 1, 3, 3, 3, 1, 0, 0, 0, 0, 0, 0, 1, 1, 1, 1, 1, 1, 1, 1, 3, 1, 1, NULL, 0, 1, 1, 1, 1, 1, 1, 3, 3, 3, 3, 1, NULL, 1, 1, 1, 1, 3, 3, 1, 0, 0, 0, 0, 0, 0, 0, 0, 0, 0, 0, 0, 0, 0, 0, 0, 0, '0000-00-00 00:00:00'),
	(3, 1, 3, 3, 3, 1, 0, 0, 0, 0, 0, 0, 1, 1, 1, 3, 3, 3, 1, 1, 1, 1, 1, NULL, 1, 1, 1, 1, 1, 1, 1, 3, 3, 1, 0, 1, NULL, 1, 1, 1, 1, 1, 0, 1, 0, 0, 0, 0, 0, 0, 0, 0, 0, 0, 0, 0, 0, 0, 0, 0, 0, '0000-00-00 00:00:00'),
	(1, 1, 1, 1, 1, 1, 1, 1, 1, 0, 0, 1, 1, 1, 1, 1, 1, 1, 1, 1, 1, 1, 1, NULL, 1, 1, 1, 1, 1, 1, 1, 1, 1, 1, 0, 1, NULL, 1, 1, 1, 1, 1, 0, 1, 0, 0, 0, 0, 0, 0, 0, 0, 0, 0, 0, 0, 0, 0, 0, 0, 0, '0000-00-00 00:00:00'),
	(1, 3, 3, 3, 3, 0, 0, 0, 0, 1, 0, 0, 1, 1, 1, 1, 3, 3, 1, 3, 1, 0, 1, NULL, 1, 1, 1, 1, 1, 1, 3, 3, 3, 1, 0, 1, NULL, 0, 1, 1, 1, 3, 3, 1, 0, 0, 0, 0, 0, 0, 0, 0, 0, 0, 0, 0, 0, 0, 0, 0, 0, '0000-00-00 00:00:00'),
	(1, 1, 1, 1, 1, 1, 0, 1, 1, 0, 1, 1, 1, 1, 1, 1, 1, 1, 1, 1, 1, 1, 1, NULL, 1, 1, 1, 1, 1, 1, 1, 1, 1, 1, 0, 1, NULL, 1, 1, 1, 1, 1, 0, 1, 0, 0, 0, 0, 0, 0, 0, 0, 0, 0, 0, 0, 0, 0, 0, 0, 0, '0000-00-00 00:00:00'),
	(1, 1, 1, 1, 1, 1, 0, 1, 1, 1, 0, 1, 1, 1, 1, 1, 1, 1, 1, 1, 1, 1, 1, NULL, 1, 1, 1, 1, 1, 1, 1, 1, 1, 0, 1, 1, NULL, 1, 1, 1, 1, 1, 0, 1, 0, 0, 0, 0, 0, 0, 0, 0, 0, 0, 0, 0, 0, 0, 0, 0, 0, '0000-00-00 00:00:00'),
	(1, 1, 1, 1, 1, 1, 1, 1, 1, 0, 0, 1, 1, 1, 1, 1, 1, 1, 1, 1, 1, 1, 1, NULL, 1, 1, 1, 1, 1, 1, 1, 1, 1, 1, 0, 1, NULL, 1, 1, 1, 1, 1, 0, 1, 0, 0, 0, 0, 0, 0, 0, 0, 0, 0, 0, 0, 0, 0, 0, 0, 0, '0000-00-00 00:00:00'),
	(1, 3, 3, 3, 1, 1, 1, 1, 0, 1, 1, 0, 1, 1, 1, 1, 1, 1, 1, 3, 1, 1, 1, NULL, 1, 1, 1, 1, 1, 0, 3, 3, 1, 0, 1, 1, NULL, 1, 1, 1, 3, 0, 1, 1, 0, 0, 0, 0, 0, 0, 0, 0, 0, 0, 0, 0, 0, 0, 0, 0, 0, '0000-00-00 00:00:00'),
	(1, 3, 1, 3, 1, 1, 0, 0, 0, 1, 0, 1, 1, 1, 1, 1, 1, 3, 1, 1, 1, 1, 1, NULL, 1, 1, 1, 1, 1, 1, 3, 1, 1, 0, 1, 1, NULL, 1, 1, 1, 1, 3, 3, 1, 0, 0, 0, 0, 0, 0, 0, 0, 0, 0, 0, 0, 0, 0, 0, 0, 0, '0000-00-00 00:00:00'),
	(1, 1, 1, 1, 1, 0, 0, 1, 0, 1, 1, 0, 1, 1, 1, 1, 1, 1, 1, 1, 1, 1, 1, NULL, 1, 1, 1, 1, 1, 1, 1, 1, 1, 0, 1, 1, NULL, 1, 1, 1, 1, 0, 1, 1, 0, 0, 0, 0, 0, 0, 0, 0, 0, 0, 0, 0, 0, 0, 0, 0, 0, '0000-00-00 00:00:00'),
	(1, 3, 3, 3, 1, 0, 1, 1, 0, 1, 0, 0, 1, 0, 1, 3, 3, 3, 0, 3, 1, 0, 1, NULL, 1, 1, 1, 1, 1, 0, 3, 3, 3, 1, 0, 1, NULL, 1, 0, 0, 3, 3, 3, 1, 0, 0, 0, 0, 0, 0, 0, 0, 0, 0, 0, 0, 0, 0, 0, 0, 0, '0000-00-00 00:00:00'),
	(1, 3, 3, 3, 3, 0, 0, 0, 0, 1, 0, 1, 1, 0, 3, 1, 1, 1, 0, 1, 1, 0, 1, NULL, 0, 1, 1, 1, 1, 1, 1, 1, 3, 1, 0, 1, NULL, 1, 0, 1, 1, 1, 0, 1, 0, 0, 0, 0, 0, 0, 0, 0, 0, 0, 0, 0, 0, 0, 0, 0, 0, '0000-00-00 00:00:00'),
	(1, 3, 3, 3, 3, 0, 0, 1, 0, 1, 0, 0, 0, 0, 3, 3, 3, 3, 0, 1, 3, 0, 0, NULL, 0, 0, 0, 0, 0, 0, 3, 3, 3, 3, 3, 1, NULL, 1, 1, 0, 3, 3, 3, 1, 0, 0, 0, 0, 0, 0, 0, 0, 0, 0, 0, 0, 0, 0, 0, 0, 0, '0000-00-00 00:00:00'),
	(1, 1, 3, 3, 1, 0, 1, 1, 0, 1, 1, 1, 1, 1, 1, 1, 1, 3, 1, 1, 1, 1, 1, NULL, 1, 1, 1, 1, 1, 1, 1, 1, 1, 2, 2, 1, NULL, 1, 1, 0, 3, 0, 1, 1, 0, 0, 0, 0, 0, 0, 0, 0, 0, 0, 0, 0, 0, 0, 0, 0, 0, '0000-00-00 00:00:00'),
	(1, 3, 3, 3, 1, 0, 0, 1, 0, 1, 1, 0, 1, 1, 1, 1, 3, 3, 1, 3, 1, 1, 1, NULL, 1, 1, 1, 1, 1, 1, 3, 1, 3, 1, 0, 1, NULL, 1, 1, 1, 1, 0, 1, 1, 0, 0, 0, 0, 0, 0, 0, 0, 0, 0, 0, 0, 0, 0, 0, 0, 0, '0000-00-00 00:00:00'),
	(1, 3, 3, 3, 3, 0, 1, 1, 0, 1, 1, 0, 0, 1, 1, 1, 3, 3, 1, 1, 3, 1, 1, NULL, 1, 0, 1, 1, 1, 0, 3, 3, 1, 0, 1, 1, NULL, 1, 1, 1, 3, 0, 1, 1, 0, 0, 0, 0, 0, 0, 0, 0, 0, 0, 0, 0, 0, 0, 0, 0, 0, '0000-00-00 00:00:00'),
	(1, 1, 1, 3, 1, 1, 0, 0, 0, 1, 1, 1, 1, 1, 1, 1, 1, 1, 1, 1, 1, 1, 1, NULL, 1, 1, 1, 1, 1, 1, 1, 1, 1, 0, 1, 1, NULL, 1, 1, 1, 1, 0, 1, 1, 0, 1, 0, 0, 0, 0, 0, 0, 0, 0, 0, 0, 0, 0, 0, 0, 0, '0000-00-00 00:00:00'),
	(1, 3, 3, 3, 1, 1, 0, 1, 0, 1, 1, 0, 1, 1, 1, 1, 1, 1, 1, 1, 1, 1, 1, NULL, 1, 1, 1, 1, 1, 1, 1, 1, 1, 0, 1, 1, NULL, 1, 1, 1, 1, 0, 1, 1, 0, 0, 0, 0, 0, 0, 0, 0, 0, 0, 0, 0, 0, 0, 0, 0, 0, '0000-00-00 00:00:00'),
	(1, 1, 1, 1, 1, 2, 2, 2, 2, 2, 2, 2, 1, 1, 1, 1, 1, 1, 1, 1, 1, 1, 1, NULL, 1, 1, 1, 1, 1, 1, 1, 1, 1, 0, 1, 1, NULL, 1, 1, 1, 1, 0, 1, 1, 0, 0, 0, 0, 0, 0, 0, 0, 0, 0, 0, 0, 0, 0, 0, 0, 0, '0000-00-00 00:00:00'),
	(1, 1, 1, 1, 3, 1, 1, 0, 1, 0, 1, 1, 1, 1, 1, 1, 1, 1, 1, 1, 1, 1, 1, NULL, 1, 1, 1, 1, 1, 1, 1, 1, 1, 1, 0, 1, NULL, 1, 1, 1, 1, 1, 0, 1, 0, 0, 0, 0, 0, 0, 0, 0, 0, 0, 0, 0, 0, 0, 0, 0, 0, '0000-00-00 00:00:00'),
	(1, 1, 1, 1, 1, 1, 0, 1, 0, 1, 1, 0, 1, 1, 1, 1, 1, 1, 1, 1, 1, 1, 1, NULL, 1, 1, 1, 1, 1, 1, 1, 1, 1, 0, 1, 1, NULL, 1, 1, 1, 1, 0, 1, 1, 0, 0, 0, 0, 0, 0, 0, 0, 0, 0, 0, 0, 0, 0, 0, 0, 0, '0000-00-00 00:00:00'),
	(1, 3, 3, 1, 1, 1, 0, 1, 0, 1, 1, 0, 1, 1, 1, 1, 3, 3, 1, 3, 1, 1, 1, NULL, 1, 1, 1, 1, 1, 1, 3, 3, 1, 0, 1, 1, NULL, 0, 1, 1, 1, 0, 1, 1, 0, 0, 0, 0, 0, 0, 0, 0, 0, 0, 0, 0, 0, 0, 0, 0, 0, '0000-00-00 00:00:00'),
	(1, 1, 1, 1, 1, 1, 0, 1, 0, 1, 1, 0, 1, 1, 1, 1, 1, 1, 1, 1, 1, 1, 1, NULL, 1, 1, 1, 1, 1, 1, 1, 1, 1, 2, 2, 1, NULL, 1, 1, 1, 1, 2, 2, 1, 0, 0, 0, 0, 0, 0, 0, 0, 0, 0, 0, 0, 0, 0, 0, 0, 0, '0000-00-00 00:00:00'),
	(1, 3, 1, 3, 1, 0, 0, 1, 0, 1, 1, 0, 1, 1, 1, 1, 3, 1, 1, 1, 1, 1, 1, NULL, 1, 0, 1, 1, 1, 0, 3, 3, 1, 0, 1, 1, NULL, 1, 1, 1, 3, 0, 1, 1, 0, 0, 0, 0, 0, 0, 0, 0, 0, 0, 0, 0, 0, 0, 0, 0, 0, '0000-00-00 00:00:00'),
	(1, 1, 3, 3, 1, 1, 1, 1, 0, 1, 1, 0, 1, 1, 1, 1, 1, 1, 1, 1, 1, 1, 1, NULL, 1, 1, 1, 1, 1, 1, 1, 1, 1, 0, 1, 1, NULL, 1, 1, 1, 1, 1, 0, 1, 0, 0, 0, 0, 0, 0, 0, 0, 0, 0, 0, 0, 0, 0, 0, 0, 0, '0000-00-00 00:00:00'),
	(1, 3, 1, 3, 1, 0, 1, 0, 0, 1, 1, 0, 1, 1, 1, 1, 1, 3, 1, 1, 1, 1, 1, NULL, 1, 1, 1, 1, 1, 1, 1, 1, 1, 0, 1, 1, NULL, 0, 1, 1, 1, 0, 1, 1, 0, 0, 0, 0, 0, 0, 0, 0, 0, 0, 0, 0, 0, 0, 0, 0, 0, '0000-00-00 00:00:00'),
	(1, 3, 1, 3, 3, 1, 0, 0, 0, 1, 1, 0, 1, 1, 1, 1, 1, 1, 1, 1, 1, 1, 1, NULL, 1, 1, 1, 1, 1, 1, 1, 1, 1, 0, 1, 1, NULL, 1, 1, 1, 3, 0, 1, 1, 0, 0, 0, 0, 0, 0, 0, 0, 0, 0, 0, 0, 0, 0, 0, 0, 0, '0000-00-00 00:00:00'),
	(1, 3, 3, 3, 1, 0, 0, 0, 0, 1, 1, 0, 0, 1, 1, 3, 3, 3, 1, 3, 1, 1, 1, NULL, 1, 0, 1, 1, 1, 0, 3, 3, 1, 0, 1, 0, NULL, 1, 1, 1, 3, 0, 1, 1, 0, 0, 0, 0, 0, 0, 0, 0, 0, 0, 0, 0, 0, 0, 0, 0, 0, '0000-00-00 00:00:00'),
	(1, 3, 3, 3, 1, 1, 1, 0, 0, 0, 1, 0, 1, 1, 1, 3, 3, 3, 1, 1, 3, 1, 1, NULL, 1, 1, 1, 1, 1, 1, 1, 3, 1, 0, 1, 1, NULL, 1, 1, 1, 1, 0, 1, 1, 0, 0, 0, 0, 0, 0, 0, 0, 0, 0, 0, 0, 0, 0, 0, 0, 0, '0000-00-00 00:00:00'),
	(3, 3, 3, 3, 3, 3, 3, 3, 3, 3, 3, 3, 0, 0, 3, 3, 3, 3, 0, 3, 3, 0, 0, NULL, 0, 0, 0, 0, 0, 0, 3, 3, 3, 3, 3, 0, NULL, 0, 0, 0, 3, 3, 3, 0, 0, 0, 0, 0, 0, 0, 0, 0, 0, 0, 0, 0, 0, 0, 0, 0, 0, '0000-00-00 00:00:00'),
	(3, 3, 3, 3, 3, 3, 3, 3, 3, 3, 3, 3, 0, 0, 3, 3, 3, 3, 0, 3, 3, 0, 0, NULL, 0, 0, 0, 0, 0, 0, 3, 3, 3, 3, 3, 0, NULL, 0, 0, 0, 3, 3, 3, 0, 0, 0, 0, 0, 0, 0, 0, 0, 0, 0, 0, 0, 0, 0, 0, 0, 0, '0000-00-00 00:00:00'),
	(3, 3, 3, 3, 3, 3, 3, 3, 3, 3, 3, 3, 0, 0, 3, 3, 3, 3, 0, 3, 3, 0, 0, NULL, 0, 0, 0, 0, 0, 0, 3, 3, 3, 3, 3, 0, NULL, 0, 0, 0, 3, 3, 3, 0, 0, 0, 0, 0, 0, 0, 0, 0, 0, 0, 0, 0, 0, 0, 0, 0, 0, '0000-00-00 00:00:00'),
	(3, 3, 3, 3, 3, 3, 3, 3, 3, 3, 3, 3, 0, 0, 3, 3, 3, 3, 0, 3, 3, 0, 0, NULL, 0, 0, 0, 0, 0, 0, 3, 3, 3, 3, 3, 0, NULL, 0, 0, 0, 3, 3, 3, 0, 0, 0, 0, 0, 0, 0, 0, 0, 0, 0, 0, 0, 0, 0, 0, 0, 0, '0000-00-00 00:00:00'),
	(3, 3, 3, 3, 3, 3, 3, 3, 3, 3, 3, 3, 0, 0, 3, 3, 3, 3, 0, 3, 3, 0, 0, NULL, 0, 0, 0, 0, 0, 0, 3, 3, 3, 3, 3, 0, NULL, 0, 0, 0, 3, 3, 3, 0, 0, 0, 0, 0, 0, 0, 0, 0, 0, 0, 0, 0, 0, 0, 0, 0, 0, '0000-00-00 00:00:00'),
	(3, 3, 3, 3, 3, 3, 3, 3, 3, 3, 3, 3, 0, 0, 3, 3, 3, 3, 0, 3, 3, 0, 0, NULL, 0, 0, 0, 0, 0, 0, 3, 3, 3, 3, 3, 0, NULL, 0, 0, 0, 3, 3, 3, 0, 0, 0, 0, 0, 0, 0, 0, 0, 0, 0, 0, 0, 0, 0, 0, 0, 0, '0000-00-00 00:00:00'),
	(3, 3, 3, 3, 3, 3, 3, 3, 3, 3, 3, 3, 0, 0, 3, 3, 3, 3, 0, 3, 3, 0, 0, NULL, 0, 0, 0, 0, 0, 0, 3, 3, 3, 3, 3, 0, NULL, 0, 0, 0, 3, 3, 3, 0, 0, 0, 0, 0, 0, 0, 0, 0, 0, 0, 0, 0, 0, 0, 0, 0, 0, '0000-00-00 00:00:00');
/*!40000 ALTER TABLE `votos` ENABLE KEYS */;

/*!40101 SET SQL_MODE=IFNULL(@OLD_SQL_MODE, '') */;
/*!40014 SET FOREIGN_KEY_CHECKS=IF(@OLD_FOREIGN_KEY_CHECKS IS NULL, 1, @OLD_FOREIGN_KEY_CHECKS) */;
/*!40101 SET CHARACTER_SET_CLIENT=@OLD_CHARACTER_SET_CLIENT */;
